SharedMemoryNone: SharedMemoryAllocate 1073741824 GPU implementation 
0SharedMemoryNone:  SharedMemoryNone.cc acceleratorAllocDevice 1073741824bytes at 0x300000000 for comms buffers 

__|__|__|__|__|__|__|__|__|__|__|__|__|__|__
__|__|__|__|__|__|__|__|__|__|__|__|__|__|__
__|_ |  |  |  |  |  |  |  |  |  |  |  | _|__
__|_                                    _|__
__|_   GGGG    RRRR    III    DDDD      _|__
__|_  G        R   R    I     D   D     _|__
__|_  G        R   R    I     D    D    _|__
__|_  G  GG    RRRR     I     D    D    _|__
__|_  G   G    R  R     I     D   D     _|__
__|_   GGGG    R   R   III    DDDD      _|__
__|_                                    _|__
__|__|__|__|__|__|__|__|__|__|__|__|__|__|__
__|__|__|__|__|__|__|__|__|__|__|__|__|__|__
  |  |  |  |  |  |  |  |  |  |  |  |  |  |  


Copyright (C) 2015 Peter Boyle, Azusa Yamaguchi, Guido Cossu, Antonin Portelli and other authors

This program is free software; you can redistribute it and/or modify
it under the terms of the GNU General Public License as published by
the Free Software Foundation; either version 2 of the License, or
(at your option) any later version.

This program is distributed in the hope that it will be useful,
but WITHOUT ANY WARRANTY; without even the implied warranty of
MERCHANTABILITY or FITNESS FOR A PARTICULAR PURPOSE.  See the
GNU General Public License for more details.
Current Grid git commit hash=e138258129faed5cb12fc0e5bbf829f69c6a2a3d: (HEAD -> feature/gpt, origin/feature/gpt, origin/HEAD) uncommited changes

Grid : Message : ================================================ 
Grid : Message : MPI is initialised and logging filters activated 
Grid : Message : ================================================ 
Grid : Message : This rank is running on host Eriks-MacBook-Pro-7.local
Grid : Message : Requested 1073741824 byte stencil comms buffers 
Grid : Message : MemoryManager::Init() setting up
Grid : Message : MemoryManager::Init() cache pool for recent host   allocations: SMALL 8 LARGE 2 HUGE 0
Grid : Message : MemoryManager::Init() cache pool for recent device allocations: SMALL 16 LARGE 8 Huge 0
Grid : Message : MemoryManager::Init() cache pool for recent shared allocations: SMALL 16 LARGE 8 Huge 0
Grid : Message : MemoryManager::Init() Unified memory space

=============================================
              Initialized GPT                
     Copyright (C) 2020 Christoph Lehner     
=============================================
GPT :       0.228293 s : Initializing gpt.random(nambu-obc5d-1k,vectorized_ranlux24_389_64) took 0.000491858 s
GPT :       0.240335 s : 
                       : Nambu HMC Markov chain with 5D OBC scaffold in G
                       :   lattice = [4, 4, 4, 4]
                       :   beta    = 1.0
                       :   c_p     = 0.75
                       :   c_r     = 1.5
                       :   kappa5  = 1.0
                       :   tau     = 2.0, MD steps = 10  (eps = 0.2)
                       :   ntherm  = 10, ntraj = 1000
                       : 
GPT :       0.265027 s : Thermalizing 10 trajectories
GPT :      16.787600 s : Thermalized in 16.5 s: plaquette = 0.062985
GPT :      18.469876 s : Trajectory 0: plaquette = 0.051072, dH = -4.4148e-01, accept = 1, Q = +0.008046, S5 = -11.0653
GPT :      20.157790 s : Trajectory 1: plaquette = 0.051072, dH = +1.3904e+00, accept = 0, Q = +0.008046, S5 = -3.9332
GPT :      21.850701 s : Trajectory 2: plaquette = 0.051072, dH = +1.1267e+00, accept = 0, Q = +0.008046, S5 = -4.9720
GPT :      23.544478 s : Trajectory 3: plaquette = 0.051072, dH = +9.8140e-01, accept = 0, Q = +0.008046, S5 = +16.2585
GPT :      25.235011 s : Trajectory 4: plaquette = 0.065483, dH = -8.4302e-01, accept = 1, Q = -0.071406, S5 = -25.5940
GPT :      26.908798 s : Trajectory 5: plaquette = 0.068178, dH = -1.2959e-01, accept = 1, Q = -0.011969, S5 = -14.1410
GPT :      28.581482 s : Trajectory 6: plaquette = 0.036710, dH = +2.2305e-01, accept = 1, Q = -0.059168, S5 = -19.1356
GPT :      30.273760 s : Trajectory 7: plaquette = 0.036710, dH = +1.7936e+00, accept = 0, Q = -0.059168, S5 = -14.6715
GPT :      31.969783 s : Trajectory 8: plaquette = 0.071831, dH = +1.5794e-01, accept = 1, Q = +0.240258, S5 = +24.1713
GPT :      33.648174 s : Trajectory 9: plaquette = 0.071831, dH = +1.7836e+00, accept = 0, Q = +0.240258, S5 = -19.3383
GPT :      35.323858 s : Trajectory 10: plaquette = 0.077608, dH = -7.8980e-01, accept = 1, Q = +0.188742, S5 = -17.3071
GPT :      37.002187 s : Trajectory 11: plaquette = 0.068158, dH = +1.4111e+00, accept = 1, Q = +0.093876, S5 = -21.0226
GPT :      38.685726 s : Trajectory 12: plaquette = 0.058134, dH = +9.7958e-01, accept = 1, Q = -0.044896, S5 = -18.5292
GPT :      40.352539 s : Trajectory 13: plaquette = 0.058134, dH = +1.1527e+00, accept = 0, Q = -0.044896, S5 = -28.8905
GPT :      42.037522 s : Trajectory 14: plaquette = 0.053446, dH = +6.0727e-01, accept = 1, Q = +0.096583, S5 = -7.2651
GPT :      43.701111 s : Trajectory 15: plaquette = 0.059916, dH = -1.4189e-02, accept = 1, Q = +0.002416, S5 = -13.7088
GPT :      45.364946 s : Trajectory 16: plaquette = 0.052748, dH = +1.0172e+00, accept = 1, Q = -0.110648, S5 = -12.2710
GPT :      47.052592 s : Trajectory 17: plaquette = 0.056061, dH = +4.0816e-01, accept = 1, Q = +0.054960, S5 = -1.4314
GPT :      48.726438 s : Trajectory 18: plaquette = 0.051997, dH = -1.2853e+00, accept = 1, Q = -0.088357, S5 = -11.3767
GPT :      50.406997 s : Trajectory 19: plaquette = 0.058914, dH = -4.3623e-01, accept = 1, Q = +0.072944, S5 = +9.5931
GPT :      52.100668 s : Trajectory 20: plaquette = 0.065055, dH = -1.5624e-02, accept = 1, Q = +0.088357, S5 = +7.9964
GPT :      53.786352 s : Trajectory 21: plaquette = 0.063184, dH = -2.4752e-01, accept = 1, Q = -0.067733, S5 = +39.2002
GPT :      55.463265 s : Trajectory 22: plaquette = 0.063224, dH = -1.2174e+00, accept = 1, Q = -0.185738, S5 = -17.6472
GPT :      57.129789 s : Trajectory 23: plaquette = 0.063224, dH = +1.3087e+00, accept = 0, Q = -0.185738, S5 = +10.9141
GPT :      58.811001 s : Trajectory 24: plaquette = 0.063224, dH = +1.4641e+00, accept = 0, Q = -0.185738, S5 = +41.7704
GPT :      60.471404 s : Trajectory 25: plaquette = 0.060634, dH = +3.5777e-03, accept = 1, Q = -0.022805, S5 = -51.4889
GPT :      62.141950 s : Trajectory 26: plaquette = 0.054453, dH = +4.5649e-01, accept = 1, Q = +0.016606, S5 = -16.5783
GPT :      63.796890 s : Trajectory 27: plaquette = 0.061764, dH = -6.6137e-01, accept = 1, Q = -0.205643, S5 = -24.5577
GPT :      65.457433 s : Trajectory 28: plaquette = 0.041379, dH = +1.1488e+00, accept = 1, Q = +0.020382, S5 = +14.5866
GPT :      67.128968 s : Trajectory 29: plaquette = 0.055504, dH = -7.2899e-02, accept = 1, Q = +0.071093, S5 = -3.5516
GPT :      68.832968 s : Trajectory 30: plaquette = 0.076268, dH = -7.0249e-02, accept = 1, Q = -0.117769, S5 = +4.7882
GPT :      70.537954 s : Trajectory 31: plaquette = 0.066236, dH = +9.9812e-01, accept = 1, Q = -0.067354, S5 = +2.1934
GPT :      72.215826 s : Trajectory 32: plaquette = 0.064666, dH = +5.6683e-01, accept = 1, Q = +0.147198, S5 = -14.5073
GPT :      73.910620 s : Trajectory 33: plaquette = 0.063203, dH = -1.3960e-01, accept = 1, Q = +0.103659, S5 = +0.6285
GPT :      75.609768 s : Trajectory 34: plaquette = 0.063203, dH = +1.1894e+00, accept = 0, Q = +0.103659, S5 = -21.0684
GPT :      77.300025 s : Trajectory 35: plaquette = 0.062054, dH = +8.4041e-01, accept = 1, Q = +0.031557, S5 = -30.8837
GPT :      78.988047 s : Trajectory 36: plaquette = 0.050419, dH = -2.8875e-01, accept = 1, Q = +0.020667, S5 = -14.9579
GPT :      80.685011 s : Trajectory 37: plaquette = 0.062600, dH = -3.7889e-01, accept = 1, Q = -0.017309, S5 = +9.4523
GPT :      82.381637 s : Trajectory 38: plaquette = 0.067839, dH = +2.6441e-01, accept = 1, Q = -0.108182, S5 = +12.9241
GPT :      84.136995 s : Trajectory 39: plaquette = 0.061026, dH = -4.1552e-01, accept = 1, Q = +0.069691, S5 = -1.2109
GPT :      85.847369 s : Trajectory 40: plaquette = 0.061026, dH = +1.0708e+00, accept = 0, Q = +0.069691, S5 = -3.6116
GPT :      87.535613 s : Trajectory 41: plaquette = 0.050818, dH = -3.1826e-01, accept = 1, Q = -0.131130, S5 = -2.5691
GPT :      89.229450 s : Trajectory 42: plaquette = 0.059547, dH = +4.3444e-01, accept = 1, Q = -0.077713, S5 = +51.6084
GPT :      90.964666 s : Trajectory 43: plaquette = 0.059547, dH = +8.9392e-01, accept = 0, Q = -0.077713, S5 = -16.2306
GPT :      92.670610 s : Trajectory 44: plaquette = 0.059547, dH = +1.0692e+00, accept = 0, Q = -0.077713, S5 = +21.8473
GPT :      94.369228 s : Trajectory 45: plaquette = 0.053211, dH = -4.3732e-01, accept = 1, Q = +0.055105, S5 = -23.7687
GPT :      96.082213 s : Trajectory 46: plaquette = 0.055534, dH = -8.5514e-01, accept = 1, Q = -0.116949, S5 = -14.8196
GPT :      97.765926 s : Trajectory 47: plaquette = 0.055534, dH = +1.4287e+00, accept = 0, Q = -0.116949, S5 = +25.5297
GPT :      99.454746 s : Trajectory 48: plaquette = 0.066921, dH = -1.5568e-01, accept = 1, Q = -0.085528, S5 = -39.0984
GPT :     101.153447 s : Trajectory 49: plaquette = 0.066921, dH = +1.2867e+00, accept = 0, Q = -0.085528, S5 = +13.9874
GPT :     102.851566 s : Trajectory 50: plaquette = 0.057363, dH = +8.0474e-02, accept = 1, Q = -0.183514, S5 = -0.9197
GPT :     104.536947 s : Trajectory 51: plaquette = 0.057363, dH = +9.7631e-01, accept = 0, Q = -0.183514, S5 = +1.7053
GPT :     106.248141 s : Trajectory 52: plaquette = 0.051536, dH = +5.7926e-01, accept = 1, Q = +0.143197, S5 = -3.9524
GPT :     107.939969 s : Trajectory 53: plaquette = 0.051536, dH = +1.5947e+00, accept = 0, Q = +0.143197, S5 = +7.2372
GPT :     109.620445 s : Trajectory 54: plaquette = 0.046974, dH = +2.9336e-01, accept = 1, Q = +0.089920, S5 = -14.7424
GPT :     111.342882 s : Trajectory 55: plaquette = 0.053867, dH = +2.5689e-02, accept = 1, Q = +0.075670, S5 = +9.6603
GPT :     113.058679 s : Trajectory 56: plaquette = 0.053867, dH = +8.2112e-01, accept = 0, Q = +0.075670, S5 = -39.3360
GPT :     114.767696 s : Trajectory 57: plaquette = 0.058704, dH = +4.6505e-01, accept = 1, Q = +0.121522, S5 = -2.8349
GPT :     116.483765 s : Trajectory 58: plaquette = 0.058704, dH = +1.2632e+00, accept = 0, Q = +0.121522, S5 = -4.7249
GPT :     118.197483 s : Trajectory 59: plaquette = 0.058704, dH = +1.1112e+00, accept = 0, Q = +0.121522, S5 = -39.8464
GPT :     119.917907 s : Trajectory 60: plaquette = 0.058704, dH = +1.1686e+00, accept = 0, Q = +0.121522, S5 = -11.9097
GPT :     121.629498 s : Trajectory 61: plaquette = 0.061058, dH = +6.3475e-02, accept = 1, Q = +0.134616, S5 = +4.9844
GPT :     123.333089 s : Trajectory 62: plaquette = 0.061801, dH = -4.1790e-01, accept = 1, Q = -0.087090, S5 = -20.5186
GPT :     125.041531 s : Trajectory 63: plaquette = 0.067827, dH = -3.3889e-01, accept = 1, Q = -0.154527, S5 = +9.1931
GPT :     126.721498 s : Trajectory 64: plaquette = 0.067932, dH = -6.1691e-02, accept = 1, Q = -0.032115, S5 = +24.7521
GPT :     128.426468 s : Trajectory 65: plaquette = 0.068383, dH = -2.6313e-02, accept = 1, Q = +0.007932, S5 = +3.9079
GPT :     130.139151 s : Trajectory 66: plaquette = 0.068383, dH = +2.2974e+00, accept = 0, Q = +0.007932, S5 = -28.5975
GPT :     131.830829 s : Trajectory 67: plaquette = 0.069306, dH = +2.6407e-01, accept = 1, Q = -0.049361, S5 = +16.1551
GPT :     133.522729 s : Trajectory 68: plaquette = 0.059440, dH = +6.0787e-01, accept = 1, Q = +0.112066, S5 = +0.2275
GPT :     135.231090 s : Trajectory 69: plaquette = 0.054654, dH = +1.0194e-01, accept = 1, Q = +0.035915, S5 = +17.5622
GPT :     136.932025 s : Trajectory 70: plaquette = 0.072890, dH = +3.4057e-01, accept = 1, Q = -0.033279, S5 = -17.0469
GPT :     138.627984 s : Trajectory 71: plaquette = 0.055420, dH = +3.6508e-01, accept = 1, Q = +0.171618, S5 = -26.0299
GPT :     140.298704 s : Trajectory 72: plaquette = 0.064404, dH = -3.9218e-01, accept = 1, Q = -0.086158, S5 = -10.9327
GPT :     141.986996 s : Trajectory 73: plaquette = 0.053067, dH = -7.2950e-01, accept = 1, Q = +0.043307, S5 = +31.9250
GPT :     143.675413 s : Trajectory 74: plaquette = 0.053067, dH = +7.8510e-01, accept = 0, Q = +0.043307, S5 = -20.2562
GPT :     145.376311 s : Trajectory 75: plaquette = 0.050900, dH = +4.2820e-01, accept = 1, Q = +0.003141, S5 = +0.8566
GPT :     147.079736 s : Trajectory 76: plaquette = 0.062944, dH = -2.0289e-01, accept = 1, Q = +0.038690, S5 = -34.8966
GPT :     148.788885 s : Trajectory 77: plaquette = 0.062865, dH = +1.3148e+00, accept = 1, Q = +0.034224, S5 = +15.1970
GPT :     150.493319 s : Trajectory 78: plaquette = 0.066879, dH = +3.3303e-01, accept = 1, Q = -0.059341, S5 = +14.0984
GPT :     152.198017 s : Trajectory 79: plaquette = 0.066879, dH = +1.4989e+00, accept = 0, Q = -0.059341, S5 = -17.9507
GPT :     153.899252 s : Trajectory 80: plaquette = 0.058888, dH = -2.3654e-01, accept = 1, Q = +0.099050, S5 = +9.2864
GPT :     155.609093 s : Trajectory 81: plaquette = 0.052231, dH = -9.4376e-01, accept = 1, Q = +0.074165, S5 = -0.6507
GPT :     157.329229 s : Trajectory 82: plaquette = 0.046244, dH = +1.3474e+00, accept = 1, Q = +0.042898, S5 = +7.2746
GPT :     159.036593 s : Trajectory 83: plaquette = 0.051357, dH = +8.0450e-01, accept = 1, Q = +0.031772, S5 = +18.3195
GPT :     160.825819 s : Trajectory 84: plaquette = 0.053056, dH = +1.1107e+00, accept = 1, Q = +0.059688, S5 = -12.4121
GPT :     162.597149 s : Trajectory 85: plaquette = 0.053056, dH = +2.8557e-01, accept = 0, Q = +0.059688, S5 = +11.4404
GPT :     164.328002 s : Trajectory 86: plaquette = 0.065137, dH = +1.1815e-01, accept = 1, Q = -0.136423, S5 = -8.1755
GPT :     166.032745 s : Trajectory 87: plaquette = 0.065137, dH = +1.1664e+00, accept = 0, Q = -0.136423, S5 = +1.6822
GPT :     167.732648 s : Trajectory 88: plaquette = 0.065137, dH = +4.9017e-01, accept = 0, Q = -0.136423, S5 = -30.4228
GPT :     169.464040 s : Trajectory 89: plaquette = 0.065137, dH = +9.4530e-01, accept = 0, Q = -0.136423, S5 = +31.3829
GPT :     171.184098 s : Trajectory 90: plaquette = 0.066562, dH = -8.5399e-01, accept = 1, Q = -0.069720, S5 = +4.2507
GPT :     172.901137 s : Trajectory 91: plaquette = 0.062048, dH = -5.0076e-01, accept = 1, Q = +0.007585, S5 = -0.8188
GPT :     174.617706 s : Trajectory 92: plaquette = 0.070564, dH = +1.3756e+00, accept = 1, Q = -0.085220, S5 = +20.7776
GPT :     176.316349 s : Trajectory 93: plaquette = 0.058375, dH = +1.9375e-01, accept = 1, Q = +0.060755, S5 = -23.4316
GPT :     178.012332 s : Trajectory 94: plaquette = 0.062618, dH = +1.8133e-01, accept = 1, Q = +0.046248, S5 = +14.9634
GPT :     179.719265 s : Trajectory 95: plaquette = 0.062618, dH = +1.6198e+00, accept = 0, Q = +0.046248, S5 = -12.2364
GPT :     181.413911 s : Trajectory 96: plaquette = 0.056042, dH = +4.4972e-01, accept = 1, Q = +0.084070, S5 = +11.9770
GPT :     183.114668 s : Trajectory 97: plaquette = 0.060351, dH = -1.6772e-02, accept = 1, Q = -0.055205, S5 = -20.1954
GPT :     184.821085 s : Trajectory 98: plaquette = 0.061917, dH = -1.3826e-01, accept = 1, Q = +0.114549, S5 = +35.6260
GPT :     186.518777 s : Trajectory 99: plaquette = 0.050393, dH = +4.1557e-01, accept = 1, Q = +0.246156, S5 = -62.7182
GPT :     188.209658 s : Trajectory 100: plaquette = 0.071324, dH = -9.8313e-01, accept = 1, Q = -0.000638, S5 = +12.1995
GPT :     189.906970 s : Trajectory 101: plaquette = 0.062652, dH = +3.7686e-01, accept = 1, Q = -0.034630, S5 = -22.6956
GPT :     191.601498 s : Trajectory 102: plaquette = 0.062652, dH = +8.5292e-01, accept = 0, Q = -0.034630, S5 = -9.3332
GPT :     193.349086 s : Trajectory 103: plaquette = 0.055208, dH = +1.0614e+00, accept = 1, Q = -0.084489, S5 = +28.2333
GPT :     195.058959 s : Trajectory 104: plaquette = 0.058565, dH = -4.6359e-02, accept = 1, Q = -0.028102, S5 = +1.2173
GPT :     196.770199 s : Trajectory 105: plaquette = 0.064556, dH = +1.2083e+00, accept = 1, Q = +0.179626, S5 = +7.8730
GPT :     198.499727 s : Trajectory 106: plaquette = 0.064556, dH = +5.1489e-01, accept = 0, Q = +0.179626, S5 = -16.6699
GPT :     200.218765 s : Trajectory 107: plaquette = 0.051334, dH = +4.9470e-01, accept = 1, Q = -0.113750, S5 = -4.1576
GPT :     201.919620 s : Trajectory 108: plaquette = 0.050705, dH = -1.0951e+00, accept = 1, Q = -0.000501, S5 = -13.8389
GPT :     203.619465 s : Trajectory 109: plaquette = 0.050705, dH = +1.4889e+00, accept = 0, Q = -0.000501, S5 = +40.2699
GPT :     205.325360 s : Trajectory 110: plaquette = 0.047451, dH = +1.0017e-01, accept = 1, Q = -0.107974, S5 = +22.4607
GPT :     206.994897 s : Trajectory 111: plaquette = 0.047451, dH = +2.3191e-01, accept = 0, Q = -0.107974, S5 = +12.9546
GPT :     208.714507 s : Trajectory 112: plaquette = 0.054948, dH = +7.7882e-01, accept = 1, Q = -0.065438, S5 = -19.6444
GPT :     210.407432 s : Trajectory 113: plaquette = 0.053205, dH = +8.3379e-01, accept = 1, Q = -0.140975, S5 = -7.2664
GPT :     212.113509 s : Trajectory 114: plaquette = 0.045270, dH = -1.4314e-01, accept = 1, Q = +0.007195, S5 = +7.4125
GPT :     213.811903 s : Trajectory 115: plaquette = 0.050771, dH = -8.6745e-01, accept = 1, Q = -0.080046, S5 = +4.2295
GPT :     215.502975 s : Trajectory 116: plaquette = 0.059614, dH = +8.4347e-01, accept = 1, Q = -0.078049, S5 = -77.3669
GPT :     217.214118 s : Trajectory 117: plaquette = 0.059614, dH = +1.1712e+00, accept = 0, Q = -0.078049, S5 = -29.6999
GPT :     218.919167 s : Trajectory 118: plaquette = 0.055488, dH = +1.9391e-01, accept = 1, Q = +0.101420, S5 = +18.0708
GPT :     220.609136 s : Trajectory 119: plaquette = 0.055415, dH = +7.5559e-01, accept = 1, Q = +0.155219, S5 = +24.4226
GPT :     222.290122 s : Trajectory 120: plaquette = 0.053449, dH = -4.7893e-01, accept = 1, Q = +0.009829, S5 = +16.7366
GPT :     223.980738 s : Trajectory 121: plaquette = 0.056668, dH = +7.2728e-01, accept = 1, Q = +0.058377, S5 = +8.7352
GPT :     225.679194 s : Trajectory 122: plaquette = 0.057226, dH = +7.9294e-01, accept = 1, Q = -0.031702, S5 = +33.9383
GPT :     227.385509 s : Trajectory 123: plaquette = 0.047708, dH = -5.9544e-01, accept = 1, Q = +0.044364, S5 = -32.5713
GPT :     229.082456 s : Trajectory 124: plaquette = 0.047708, dH = +2.1086e+00, accept = 0, Q = +0.044364, S5 = -13.8364
GPT :     230.783840 s : Trajectory 125: plaquette = 0.047708, dH = +6.0018e-01, accept = 0, Q = +0.044364, S5 = -33.0429
GPT :     232.491129 s : Trajectory 126: plaquette = 0.050278, dH = -1.1944e-01, accept = 1, Q = +0.007307, S5 = -1.4279
GPT :     234.196930 s : Trajectory 127: plaquette = 0.043780, dH = +1.5623e-02, accept = 1, Q = -0.072009, S5 = +6.9384
GPT :     235.907264 s : Trajectory 128: plaquette = 0.055023, dH = +1.9621e-01, accept = 1, Q = -0.077822, S5 = +7.2602
GPT :     237.597359 s : Trajectory 129: plaquette = 0.055023, dH = +6.4793e-01, accept = 0, Q = -0.077822, S5 = -10.7389
GPT :     239.293793 s : Trajectory 130: plaquette = 0.057013, dH = +2.7814e-01, accept = 1, Q = -0.063788, S5 = -23.3854
GPT :     240.984884 s : Trajectory 131: plaquette = 0.057013, dH = +1.3220e+00, accept = 0, Q = -0.063788, S5 = +12.8364
GPT :     242.690265 s : Trajectory 132: plaquette = 0.063525, dH = +2.7771e-01, accept = 1, Q = +0.066302, S5 = +1.7221
GPT :     244.381266 s : Trajectory 133: plaquette = 0.063525, dH = +4.3386e-01, accept = 0, Q = +0.066302, S5 = -2.5296
GPT :     246.082292 s : Trajectory 134: plaquette = 0.063525, dH = +4.7423e-01, accept = 0, Q = +0.066302, S5 = -8.2837
GPT :     247.780077 s : Trajectory 135: plaquette = 0.053090, dH = +1.1859e+00, accept = 1, Q = -0.126775, S5 = -5.1081
GPT :     249.500338 s : Trajectory 136: plaquette = 0.053090, dH = +5.2916e-01, accept = 0, Q = -0.126775, S5 = -6.2221
GPT :     251.201798 s : Trajectory 137: plaquette = 0.055560, dH = -4.4001e-01, accept = 1, Q = -0.050751, S5 = +3.2595
GPT :     252.901903 s : Trajectory 138: plaquette = 0.063140, dH = -3.2163e-01, accept = 1, Q = +0.136723, S5 = -2.5465
GPT :     254.579225 s : Trajectory 139: plaquette = 0.063140, dH = +8.3162e-01, accept = 0, Q = +0.136723, S5 = -36.0494
GPT :     256.252415 s : Trajectory 140: plaquette = 0.068680, dH = +5.1546e-02, accept = 1, Q = -0.018874, S5 = -14.2981
GPT :     257.950250 s : Trajectory 141: plaquette = 0.050313, dH = +1.5713e-01, accept = 1, Q = +0.191978, S5 = +25.3945
GPT :     259.659264 s : Trajectory 142: plaquette = 0.055969, dH = -1.9464e+00, accept = 1, Q = -0.128443, S5 = -41.5146
GPT :     261.376556 s : Trajectory 143: plaquette = 0.063443, dH = +1.7511e-01, accept = 1, Q = -0.007206, S5 = +33.9893
GPT :     263.088389 s : Trajectory 144: plaquette = 0.063443, dH = +5.2680e-01, accept = 0, Q = -0.007206, S5 = -36.4395
GPT :     264.791065 s : Trajectory 145: plaquette = 0.066925, dH = +1.0002e+00, accept = 1, Q = +0.015732, S5 = +55.6868
GPT :     266.487343 s : Trajectory 146: plaquette = 0.066925, dH = +1.6091e+00, accept = 0, Q = +0.015732, S5 = -24.6358
GPT :     268.208286 s : Trajectory 147: plaquette = 0.075877, dH = +2.4329e-01, accept = 1, Q = -0.013935, S5 = +4.8880
GPT :     269.935372 s : Trajectory 148: plaquette = 0.067852, dH = +1.1471e+00, accept = 1, Q = +0.021464, S5 = +6.1453
GPT :     271.630925 s : Trajectory 149: plaquette = 0.066851, dH = +3.8843e-01, accept = 1, Q = +0.030074, S5 = +14.0393
GPT :     273.324741 s : Trajectory 150: plaquette = 0.077266, dH = -4.0584e-01, accept = 1, Q = +0.027464, S5 = -11.2868
GPT :     275.052961 s : Trajectory 151: plaquette = 0.058161, dH = +2.5881e-01, accept = 1, Q = +0.114335, S5 = +48.8357
GPT :     276.758082 s : Trajectory 152: plaquette = 0.063865, dH = -6.1729e-01, accept = 1, Q = -0.088787, S5 = -2.4432
GPT :     278.466190 s : Trajectory 153: plaquette = 0.056837, dH = +7.8075e-01, accept = 1, Q = -0.021806, S5 = -7.6150
GPT :     280.157626 s : Trajectory 154: plaquette = 0.061291, dH = +1.5661e-01, accept = 1, Q = -0.040343, S5 = +1.0507
GPT :     281.830763 s : Trajectory 155: plaquette = 0.055089, dH = +4.8695e-01, accept = 1, Q = -0.035784, S5 = +19.7792
GPT :     283.515383 s : Trajectory 156: plaquette = 0.055089, dH = +2.1408e+00, accept = 0, Q = -0.035784, S5 = -7.0190
GPT :     285.201687 s : Trajectory 157: plaquette = 0.063271, dH = +8.2940e-02, accept = 1, Q = +0.053340, S5 = +19.2492
GPT :     286.883430 s : Trajectory 158: plaquette = 0.061843, dH = -5.8159e-01, accept = 1, Q = -0.046741, S5 = +46.2941
GPT :     288.577465 s : Trajectory 159: plaquette = 0.057205, dH = -1.2236e-02, accept = 1, Q = -0.023846, S5 = -11.4511
GPT :     290.271065 s : Trajectory 160: plaquette = 0.057205, dH = +5.4482e-01, accept = 0, Q = -0.023846, S5 = +28.1461
GPT :     291.980371 s : Trajectory 161: plaquette = 0.051238, dH = +1.3139e-01, accept = 1, Q = -0.074398, S5 = -24.5781
GPT :     293.673504 s : Trajectory 162: plaquette = 0.052051, dH = -7.2984e-01, accept = 1, Q = +0.116814, S5 = -10.5641
GPT :     295.374910 s : Trajectory 163: plaquette = 0.046699, dH = +1.0452e-01, accept = 1, Q = +0.095494, S5 = -31.3252
GPT :     297.070298 s : Trajectory 164: plaquette = 0.046699, dH = +5.7778e-01, accept = 0, Q = +0.095494, S5 = +44.6470
GPT :     298.773724 s : Trajectory 165: plaquette = 0.064263, dH = -1.1253e+00, accept = 1, Q = +0.014243, S5 = -9.7545
GPT :     300.468407 s : Trajectory 166: plaquette = 0.064263, dH = +2.7253e+00, accept = 0, Q = +0.014243, S5 = +44.1224
GPT :     302.194965 s : Trajectory 167: plaquette = 0.068252, dH = +1.1281e+00, accept = 1, Q = -0.002298, S5 = +25.4742
GPT :     303.904906 s : Trajectory 168: plaquette = 0.069306, dH = +1.8795e-01, accept = 1, Q = -0.008058, S5 = +4.7202
GPT :     305.592797 s : Trajectory 169: plaquette = 0.056330, dH = +1.6763e-01, accept = 1, Q = -0.033054, S5 = -16.3805
GPT :     307.293634 s : Trajectory 170: plaquette = 0.061946, dH = +4.7678e-01, accept = 1, Q = +0.084937, S5 = +1.8408
GPT :     309.007969 s : Trajectory 171: plaquette = 0.059925, dH = -5.5583e-02, accept = 1, Q = +0.165940, S5 = -33.7952
GPT :     310.730007 s : Trajectory 172: plaquette = 0.054436, dH = +3.6575e-01, accept = 1, Q = -0.096120, S5 = +40.0855
GPT :     312.445688 s : Trajectory 173: plaquette = 0.067217, dH = -4.6819e-01, accept = 1, Q = +0.142298, S5 = -1.3096
GPT :     314.150244 s : Trajectory 174: plaquette = 0.058885, dH = +1.0106e+00, accept = 1, Q = +0.053456, S5 = +12.4570
GPT :     315.863901 s : Trajectory 175: plaquette = 0.068000, dH = -7.8682e-01, accept = 1, Q = +0.011435, S5 = -3.7237
GPT :     317.560838 s : Trajectory 176: plaquette = 0.057455, dH = -4.1495e-01, accept = 1, Q = -0.028339, S5 = -17.1178
GPT :     319.268012 s : Trajectory 177: plaquette = 0.052313, dH = -7.0162e-02, accept = 1, Q = -0.037133, S5 = -7.4054
GPT :     320.979569 s : Trajectory 178: plaquette = 0.052313, dH = +9.2173e-01, accept = 0, Q = -0.037133, S5 = +4.1590
GPT :     322.665894 s : Trajectory 179: plaquette = 0.064969, dH = -7.4340e-01, accept = 1, Q = -0.052238, S5 = -3.8765
GPT :     324.370281 s : Trajectory 180: plaquette = 0.064969, dH = +6.3854e-01, accept = 0, Q = -0.052238, S5 = +6.9980
GPT :     326.120919 s : Trajectory 181: plaquette = 0.060542, dH = +4.5572e-01, accept = 1, Q = +0.043844, S5 = -6.8220
GPT :     327.851176 s : Trajectory 182: plaquette = 0.055112, dH = -4.1027e-01, accept = 1, Q = +0.079529, S5 = -4.6036
GPT :     329.573498 s : Trajectory 183: plaquette = 0.055112, dH = +3.2906e-01, accept = 0, Q = +0.079529, S5 = -5.1445
GPT :     331.273833 s : Trajectory 184: plaquette = 0.055311, dH = -1.9647e-01, accept = 1, Q = -0.119241, S5 = -7.6013
GPT :     332.969250 s : Trajectory 185: plaquette = 0.065879, dH = +5.4338e-01, accept = 1, Q = -0.144958, S5 = +28.6674
GPT :     334.664574 s : Trajectory 186: plaquette = 0.052835, dH = +1.4917e+00, accept = 1, Q = -0.074329, S5 = +13.1279
GPT :     336.344348 s : Trajectory 187: plaquette = 0.057193, dH = +5.3554e-01, accept = 1, Q = +0.068144, S5 = -8.5551
GPT :     338.037800 s : Trajectory 188: plaquette = 0.070308, dH = -1.0294e+00, accept = 1, Q = +0.093670, S5 = -14.2730
GPT :     339.738952 s : Trajectory 189: plaquette = 0.069824, dH = +2.1859e-01, accept = 1, Q = -0.040777, S5 = +16.0535
GPT :     341.446278 s : Trajectory 190: plaquette = 0.069824, dH = +1.6311e+00, accept = 0, Q = -0.040777, S5 = -10.5185
GPT :     343.148790 s : Trajectory 191: plaquette = 0.060881, dH = -6.3450e-01, accept = 1, Q = -0.012199, S5 = +11.4020
GPT :     344.868166 s : Trajectory 192: plaquette = 0.058724, dH = +7.5673e-03, accept = 1, Q = -0.198518, S5 = -14.5157
GPT :     346.591976 s : Trajectory 193: plaquette = 0.071304, dH = +2.2992e-01, accept = 1, Q = +0.068447, S5 = -11.8996
GPT :     348.316560 s : Trajectory 194: plaquette = 0.072182, dH = +9.2506e-02, accept = 1, Q = -0.170715, S5 = +10.2861
GPT :     350.033415 s : Trajectory 195: plaquette = 0.072182, dH = +1.7562e-01, accept = 0, Q = -0.170715, S5 = -4.2720
GPT :     351.752703 s : Trajectory 196: plaquette = 0.063210, dH = -9.4744e-02, accept = 1, Q = -0.074107, S5 = -3.9715
GPT :     353.490174 s : Trajectory 197: plaquette = 0.057444, dH = -2.5785e-02, accept = 1, Q = -0.114894, S5 = +25.7957
GPT :     355.222453 s : Trajectory 198: plaquette = 0.049953, dH = -6.2624e-01, accept = 1, Q = -0.014491, S5 = -33.2778
GPT :     356.944706 s : Trajectory 199: plaquette = 0.049953, dH = +1.7776e+00, accept = 0, Q = -0.014491, S5 = +1.4913
GPT :     358.673612 s : Trajectory 200: plaquette = 0.063155, dH = +6.0148e-01, accept = 1, Q = +0.166725, S5 = +1.1671
GPT :     360.456097 s : Trajectory 201: plaquette = 0.052225, dH = -3.7784e-01, accept = 1, Q = +0.024601, S5 = +42.2802
GPT :     362.173153 s : Trajectory 202: plaquette = 0.074656, dH = -1.2898e+00, accept = 1, Q = +0.000215, S5 = -6.6208
GPT :     363.886777 s : Trajectory 203: plaquette = 0.061933, dH = +5.6547e-01, accept = 1, Q = -0.246228, S5 = -5.9509
GPT :     365.596024 s : Trajectory 204: plaquette = 0.052963, dH = +1.6555e-01, accept = 1, Q = -0.054610, S5 = -3.8335
GPT :     367.304679 s : Trajectory 205: plaquette = 0.052963, dH = +1.2194e+00, accept = 0, Q = -0.054610, S5 = -13.0528
GPT :     369.039725 s : Trajectory 206: plaquette = 0.052963, dH = +1.0978e+00, accept = 0, Q = -0.054610, S5 = -5.1640
GPT :     370.742012 s : Trajectory 207: plaquette = 0.065315, dH = -1.1916e+00, accept = 1, Q = +0.059606, S5 = -16.2269
GPT :     372.485706 s : Trajectory 208: plaquette = 0.065315, dH = +1.1336e+00, accept = 0, Q = +0.059606, S5 = -11.1083
GPT :     374.200866 s : Trajectory 209: plaquette = 0.059916, dH = -9.1519e-01, accept = 1, Q = -0.022208, S5 = +12.4060
GPT :     375.934844 s : Trajectory 210: plaquette = 0.058971, dH = +2.5005e-01, accept = 1, Q = +0.075216, S5 = -28.2848
GPT :     377.670268 s : Trajectory 211: plaquette = 0.058971, dH = +1.6849e+00, accept = 0, Q = +0.075216, S5 = -27.4017
GPT :     379.376089 s : Trajectory 212: plaquette = 0.056203, dH = -5.1348e-02, accept = 1, Q = +0.157110, S5 = +5.5916
GPT :     381.075490 s : Trajectory 213: plaquette = 0.052745, dH = -1.3231e-01, accept = 1, Q = +0.144640, S5 = -17.8939
GPT :     382.782582 s : Trajectory 214: plaquette = 0.069875, dH = -7.8782e-01, accept = 1, Q = +0.022572, S5 = -10.4727
GPT :     384.492458 s : Trajectory 215: plaquette = 0.063353, dH = -4.6595e-01, accept = 1, Q = +0.068159, S5 = -10.0353
GPT :     386.235223 s : Trajectory 216: plaquette = 0.070428, dH = -9.2628e-01, accept = 1, Q = +0.136498, S5 = -3.2954
GPT :     388.065309 s : Trajectory 217: plaquette = 0.070428, dH = +5.7901e-01, accept = 0, Q = +0.136498, S5 = +17.9414
GPT :     390.096313 s : Trajectory 218: plaquette = 0.071786, dH = -5.9229e-01, accept = 1, Q = +0.101382, S5 = +34.1008
GPT :     391.828364 s : Trajectory 219: plaquette = 0.071786, dH = +7.1180e-01, accept = 0, Q = +0.101382, S5 = +36.3837
GPT :     393.601261 s : Trajectory 220: plaquette = 0.057975, dH = +1.3708e-01, accept = 1, Q = +0.102650, S5 = +4.6294
GPT :     395.302440 s : Trajectory 221: plaquette = 0.057975, dH = +8.5293e-01, accept = 0, Q = +0.102650, S5 = -16.4467
GPT :     397.024902 s : Trajectory 222: plaquette = 0.057975, dH = +1.0633e+00, accept = 0, Q = +0.102650, S5 = +16.5577
GPT :     398.875579 s : Trajectory 223: plaquette = 0.057975, dH = +1.5817e+00, accept = 0, Q = +0.102650, S5 = +50.9782
GPT :     400.621934 s : Trajectory 224: plaquette = 0.062984, dH = +9.1438e-01, accept = 1, Q = +0.084148, S5 = +4.1288
GPT :     402.329976 s : Trajectory 225: plaquette = 0.062984, dH = +1.2449e+00, accept = 0, Q = +0.084148, S5 = +9.9968
GPT :     404.040088 s : Trajectory 226: plaquette = 0.053435, dH = +5.0788e-01, accept = 1, Q = -0.121063, S5 = +3.6732
GPT :     405.702539 s : Trajectory 227: plaquette = 0.057570, dH = +1.0435e-02, accept = 1, Q = +0.027371, S5 = -14.2581
GPT :     407.423098 s : Trajectory 228: plaquette = 0.064225, dH = +5.8126e-01, accept = 1, Q = +0.079094, S5 = -17.1276
GPT :     409.127415 s : Trajectory 229: plaquette = 0.064225, dH = +1.8736e+00, accept = 0, Q = +0.079094, S5 = -27.4153
GPT :     410.826467 s : Trajectory 230: plaquette = 0.055614, dH = -1.2628e-01, accept = 1, Q = +0.126986, S5 = +15.9489
GPT :     412.504568 s : Trajectory 231: plaquette = 0.066516, dH = -1.8515e-01, accept = 1, Q = +0.039245, S5 = -23.5162
GPT :     414.199463 s : Trajectory 232: plaquette = 0.066516, dH = +1.0404e+00, accept = 0, Q = +0.039245, S5 = +11.8731
GPT :     415.881914 s : Trajectory 233: plaquette = 0.066516, dH = +4.7256e-01, accept = 0, Q = +0.039245, S5 = -16.4229
GPT :     417.542169 s : Trajectory 234: plaquette = 0.072644, dH = +3.9288e-01, accept = 1, Q = -0.104345, S5 = +41.0004
GPT :     419.215252 s : Trajectory 235: plaquette = 0.067570, dH = +1.1151e-01, accept = 1, Q = +0.170005, S5 = +0.0390
GPT :     420.917888 s : Trajectory 236: plaquette = 0.067669, dH = +6.0915e-02, accept = 1, Q = -0.097727, S5 = +6.5056
GPT :     422.609239 s : Trajectory 237: plaquette = 0.067669, dH = +4.7045e-01, accept = 0, Q = -0.097727, S5 = -36.2932
GPT :     424.312971 s : Trajectory 238: plaquette = 0.069069, dH = -2.4615e-01, accept = 1, Q = +0.038991, S5 = +31.2475
GPT :     426.015642 s : Trajectory 239: plaquette = 0.053790, dH = +6.4628e-01, accept = 1, Q = +0.101532, S5 = -31.2141
GPT :     427.712717 s : Trajectory 240: plaquette = 0.057139, dH = +8.4859e-01, accept = 1, Q = -0.038230, S5 = -31.7028
GPT :     429.426296 s : Trajectory 241: plaquette = 0.047244, dH = +1.4351e-01, accept = 1, Q = +0.105998, S5 = -8.1368
GPT :     431.102255 s : Trajectory 242: plaquette = 0.055821, dH = +2.9971e-01, accept = 1, Q = -0.008864, S5 = +1.5721
GPT :     432.800074 s : Trajectory 243: plaquette = 0.055821, dH = +1.4087e+00, accept = 0, Q = -0.008864, S5 = +26.8288
GPT :     434.463554 s : Trajectory 244: plaquette = 0.054850, dH = +1.1349e+00, accept = 1, Q = +0.025693, S5 = -28.0960
GPT :     436.158168 s : Trajectory 245: plaquette = 0.068500, dH = +1.7141e+00, accept = 1, Q = -0.034517, S5 = +6.1219
GPT :     437.848231 s : Trajectory 246: plaquette = 0.060397, dH = +4.3888e-01, accept = 1, Q = +0.092014, S5 = +22.2206
GPT :     439.528888 s : Trajectory 247: plaquette = 0.068970, dH = -3.8946e-01, accept = 1, Q = +0.023923, S5 = -8.6278
GPT :     441.301592 s : Trajectory 248: plaquette = 0.068970, dH = +3.5053e-01, accept = 0, Q = +0.023923, S5 = -18.6649
GPT :     442.923872 s : Trajectory 249: plaquette = 0.068970, dH = +1.3570e+00, accept = 0, Q = +0.023923, S5 = -30.7695
GPT :     444.606776 s : Trajectory 250: plaquette = 0.054580, dH = +1.3441e+00, accept = 1, Q = +0.113724, S5 = -18.8061
GPT :     446.341735 s : Trajectory 251: plaquette = 0.069032, dH = -9.7401e-01, accept = 1, Q = +0.007386, S5 = -25.6926
GPT :     448.072302 s : Trajectory 252: plaquette = 0.051472, dH = +9.0789e-01, accept = 1, Q = -0.098279, S5 = +60.3266
GPT :     449.812449 s : Trajectory 253: plaquette = 0.053207, dH = -6.1144e-01, accept = 1, Q = +0.082629, S5 = +34.6703
GPT :     451.540697 s : Trajectory 254: plaquette = 0.053207, dH = +1.2518e+00, accept = 0, Q = +0.082629, S5 = -38.0720
GPT :     453.219112 s : Trajectory 255: plaquette = 0.059834, dH = +2.1468e-01, accept = 1, Q = -0.099828, S5 = -23.6543
GPT :     454.921135 s : Trajectory 256: plaquette = 0.055295, dH = -7.6381e-01, accept = 1, Q = -0.080727, S5 = +1.5054
GPT :     456.617299 s : Trajectory 257: plaquette = 0.055295, dH = +8.2638e-01, accept = 0, Q = -0.080727, S5 = -1.2007
GPT :     458.375646 s : Trajectory 258: plaquette = 0.073727, dH = -7.3025e-01, accept = 1, Q = -0.086644, S5 = -30.4258
GPT :     460.057527 s : Trajectory 259: plaquette = 0.056483, dH = +2.5081e-01, accept = 1, Q = +0.023936, S5 = +7.0153
GPT :     461.741368 s : Trajectory 260: plaquette = 0.058422, dH = +5.1924e-01, accept = 1, Q = -0.014769, S5 = -1.5474
GPT :     463.450903 s : Trajectory 261: plaquette = 0.052136, dH = +1.5035e-01, accept = 1, Q = +0.036869, S5 = -28.2435
GPT :     465.157583 s : Trajectory 262: plaquette = 0.058476, dH = -1.7848e-01, accept = 1, Q = -0.106514, S5 = -24.1035
GPT :     466.856654 s : Trajectory 263: plaquette = 0.054241, dH = -2.1939e-01, accept = 1, Q = +0.089842, S5 = -23.7186
GPT :     468.551583 s : Trajectory 264: plaquette = 0.057529, dH = -6.4523e-01, accept = 1, Q = +0.114718, S5 = -19.7679
GPT :     470.260160 s : Trajectory 265: plaquette = 0.052074, dH = +8.5347e-01, accept = 1, Q = +0.011499, S5 = +11.0069
GPT :     471.971219 s : Trajectory 266: plaquette = 0.058393, dH = +5.5296e-01, accept = 1, Q = -0.076747, S5 = +0.2080
GPT :     473.646351 s : Trajectory 267: plaquette = 0.055971, dH = -1.2954e-01, accept = 1, Q = -0.133134, S5 = +9.8486
GPT :     475.305533 s : Trajectory 268: plaquette = 0.069538, dH = -1.0640e+00, accept = 1, Q = -0.096979, S5 = -11.4767
GPT :     477.017087 s : Trajectory 269: plaquette = 0.066556, dH = -1.2986e+00, accept = 1, Q = +0.075960, S5 = -12.4536
GPT :     478.698628 s : Trajectory 270: plaquette = 0.057439, dH = +9.2366e-01, accept = 1, Q = +0.128487, S5 = +5.6649
GPT :     480.382692 s : Trajectory 271: plaquette = 0.057439, dH = +2.0167e+00, accept = 0, Q = +0.128487, S5 = +10.9279
GPT :     482.109973 s : Trajectory 272: plaquette = 0.057439, dH = +1.1279e+00, accept = 0, Q = +0.128487, S5 = +8.6059
GPT :     483.821165 s : Trajectory 273: plaquette = 0.057439, dH = +1.0343e+00, accept = 0, Q = +0.128487, S5 = -34.4190
GPT :     485.506284 s : Trajectory 274: plaquette = 0.047871, dH = -1.3495e-01, accept = 1, Q = +0.080316, S5 = -2.3283
GPT :     487.201945 s : Trajectory 275: plaquette = 0.066215, dH = -1.0155e+00, accept = 1, Q = -0.011521, S5 = +24.7222
GPT :     488.901855 s : Trajectory 276: plaquette = 0.066215, dH = +1.1759e+00, accept = 0, Q = -0.011521, S5 = +43.1710
GPT :     490.597179 s : Trajectory 277: plaquette = 0.066215, dH = +2.0277e+00, accept = 0, Q = -0.011521, S5 = -16.6724
GPT :     492.290711 s : Trajectory 278: plaquette = 0.058315, dH = +9.6262e-01, accept = 1, Q = +0.054964, S5 = -54.3573
GPT :     494.054517 s : Trajectory 279: plaquette = 0.063862, dH = -1.7134e-01, accept = 1, Q = +0.049136, S5 = +29.1979
GPT :     495.790235 s : Trajectory 280: plaquette = 0.063862, dH = +1.5178e+00, accept = 0, Q = +0.049136, S5 = +6.3861
GPT :     497.474071 s : Trajectory 281: plaquette = 0.064777, dH = -7.0454e-02, accept = 1, Q = +0.166438, S5 = +21.1096
GPT :     499.154232 s : Trajectory 282: plaquette = 0.064777, dH = +5.9748e-01, accept = 0, Q = +0.166438, S5 = +18.0813
GPT :     500.842591 s : Trajectory 283: plaquette = 0.050220, dH = +9.8083e-01, accept = 1, Q = +0.158641, S5 = -15.5626
GPT :     502.600185 s : Trajectory 284: plaquette = 0.051316, dH = +4.1273e-01, accept = 1, Q = +0.026630, S5 = +30.3984
GPT :     504.300059 s : Trajectory 285: plaquette = 0.067644, dH = -4.5988e-01, accept = 1, Q = -0.068835, S5 = -17.8715
GPT :     505.990938 s : Trajectory 286: plaquette = 0.057324, dH = +1.2457e+00, accept = 1, Q = -0.116182, S5 = +25.4445
GPT :     507.679391 s : Trajectory 287: plaquette = 0.056831, dH = +2.6747e-01, accept = 1, Q = -0.065246, S5 = +28.0773
GPT :     509.390000 s : Trajectory 288: plaquette = 0.058824, dH = +2.9597e-01, accept = 1, Q = -0.003381, S5 = +31.9528
GPT :     511.192483 s : Trajectory 289: plaquette = 0.058824, dH = +1.0778e+00, accept = 0, Q = -0.003381, S5 = -18.2626
GPT :     512.920693 s : Trajectory 290: plaquette = 0.060701, dH = -1.7482e-01, accept = 1, Q = +0.100525, S5 = -26.2569
GPT :     514.648736 s : Trajectory 291: plaquette = 0.060998, dH = -5.8104e-01, accept = 1, Q = -0.157940, S5 = -10.0651
GPT :     516.323221 s : Trajectory 292: plaquette = 0.060998, dH = +1.6767e+00, accept = 0, Q = -0.157940, S5 = -14.1119
GPT :     518.008498 s : Trajectory 293: plaquette = 0.061213, dH = -2.0069e-02, accept = 1, Q = -0.136664, S5 = -5.2762
GPT :     519.714514 s : Trajectory 294: plaquette = 0.061828, dH = -4.5502e-01, accept = 1, Q = +0.108171, S5 = -15.3290
GPT :     521.397479 s : Trajectory 295: plaquette = 0.061828, dH = +4.1364e-01, accept = 0, Q = +0.108171, S5 = +15.4585
GPT :     523.098566 s : Trajectory 296: plaquette = 0.061828, dH = +1.0535e+00, accept = 0, Q = +0.108171, S5 = +7.8143
GPT :     524.867719 s : Trajectory 297: plaquette = 0.061828, dH = +1.0104e+00, accept = 0, Q = +0.108171, S5 = +21.3735
GPT :     526.573876 s : Trajectory 298: plaquette = 0.055584, dH = +5.5164e-01, accept = 1, Q = -0.016187, S5 = -4.4469
GPT :     528.259220 s : Trajectory 299: plaquette = 0.040897, dH = -1.8546e-01, accept = 1, Q = +0.012189, S5 = +27.9037
GPT :     529.962528 s : Trajectory 300: plaquette = 0.053459, dH = +1.9899e-01, accept = 1, Q = +0.022125, S5 = +9.9417
GPT :     531.652989 s : Trajectory 301: plaquette = 0.045547, dH = +1.2610e-01, accept = 1, Q = -0.035793, S5 = -2.5799
GPT :     533.340752 s : Trajectory 302: plaquette = 0.060859, dH = -1.5032e-01, accept = 1, Q = +0.013884, S5 = -39.0711
GPT :     535.024940 s : Trajectory 303: plaquette = 0.062435, dH = +5.6609e-01, accept = 1, Q = -0.175833, S5 = +35.4995
GPT :     536.708224 s : Trajectory 304: plaquette = 0.067823, dH = +2.9759e-01, accept = 1, Q = +0.005430, S5 = -7.0097
GPT :     538.375449 s : Trajectory 305: plaquette = 0.067823, dH = +1.3046e+00, accept = 0, Q = +0.005430, S5 = -10.3528
GPT :     540.049180 s : Trajectory 306: plaquette = 0.058549, dH = +7.8816e-02, accept = 1, Q = +0.162156, S5 = -22.9348
GPT :     541.740979 s : Trajectory 307: plaquette = 0.058549, dH = +1.0371e-01, accept = 0, Q = +0.162156, S5 = +36.6059
GPT :     543.439031 s : Trajectory 308: plaquette = 0.064817, dH = -1.1625e-01, accept = 1, Q = +0.102488, S5 = +24.1836
GPT :     545.120025 s : Trajectory 309: plaquette = 0.046369, dH = +9.4050e-01, accept = 1, Q = +0.117160, S5 = +37.3449
GPT :     546.842353 s : Trajectory 310: plaquette = 0.056161, dH = -2.3403e-01, accept = 1, Q = +0.012632, S5 = +30.3726
GPT :     548.560392 s : Trajectory 311: plaquette = 0.056161, dH = +1.5711e+00, accept = 0, Q = +0.012632, S5 = -14.6105
GPT :     550.245334 s : Trajectory 312: plaquette = 0.054647, dH = -4.1622e-01, accept = 1, Q = +0.160721, S5 = -8.1842
GPT :     551.934184 s : Trajectory 313: plaquette = 0.054647, dH = +7.1848e-01, accept = 0, Q = +0.160721, S5 = +4.7386
GPT :     553.630906 s : Trajectory 314: plaquette = 0.054647, dH = +3.3171e-01, accept = 0, Q = +0.160721, S5 = -3.2409
GPT :     555.306235 s : Trajectory 315: plaquette = 0.053853, dH = -2.7735e-02, accept = 1, Q = +0.127174, S5 = -12.9809
GPT :     556.987847 s : Trajectory 316: plaquette = 0.061134, dH = -1.0483e+00, accept = 1, Q = +0.047930, S5 = +62.5284
GPT :     558.698621 s : Trajectory 317: plaquette = 0.050672, dH = -3.3621e-02, accept = 1, Q = -0.029071, S5 = -16.4948
GPT :     560.411193 s : Trajectory 318: plaquette = 0.052849, dH = +6.2779e-01, accept = 1, Q = +0.135107, S5 = -20.8854
GPT :     562.235987 s : Trajectory 319: plaquette = 0.059745, dH = -1.1768e-03, accept = 1, Q = +0.057014, S5 = -19.6346
GPT :     564.021492 s : Trajectory 320: plaquette = 0.059745, dH = +3.4770e-01, accept = 0, Q = +0.057014, S5 = -21.5772
GPT :     565.845629 s : Trajectory 321: plaquette = 0.059745, dH = +1.6701e+00, accept = 0, Q = +0.057014, S5 = -34.8074
GPT :     567.582891 s : Trajectory 322: plaquette = 0.059745, dH = +1.2272e+00, accept = 0, Q = +0.057014, S5 = +3.9894
GPT :     569.314769 s : Trajectory 323: plaquette = 0.059745, dH = +1.1166e+00, accept = 0, Q = +0.057014, S5 = +5.3322
GPT :     571.030126 s : Trajectory 324: plaquette = 0.061710, dH = +1.2534e+00, accept = 1, Q = -0.003306, S5 = +17.9258
GPT :     572.743703 s : Trajectory 325: plaquette = 0.061710, dH = +8.9692e-01, accept = 0, Q = -0.003306, S5 = +3.4823
GPT :     574.455164 s : Trajectory 326: plaquette = 0.061710, dH = +9.1734e-01, accept = 0, Q = -0.003306, S5 = -17.0716
GPT :     576.159931 s : Trajectory 327: plaquette = 0.052961, dH = -2.8825e-01, accept = 1, Q = -0.000067, S5 = +15.3049
GPT :     577.862377 s : Trajectory 328: plaquette = 0.051051, dH = +3.1995e-01, accept = 1, Q = +0.045099, S5 = +8.7922
GPT :     579.573477 s : Trajectory 329: plaquette = 0.051051, dH = +8.1095e-01, accept = 0, Q = +0.045099, S5 = +45.2161
GPT :     581.356360 s : Trajectory 330: plaquette = 0.051051, dH = +1.2228e+00, accept = 0, Q = +0.045099, S5 = -4.5010
GPT :     583.078572 s : Trajectory 331: plaquette = 0.059645, dH = +1.5120e-01, accept = 1, Q = -0.025141, S5 = -3.7051
GPT :     584.801625 s : Trajectory 332: plaquette = 0.066577, dH = -5.9984e-01, accept = 1, Q = +0.070481, S5 = -5.1396
GPT :     586.538224 s : Trajectory 333: plaquette = 0.064155, dH = +7.1806e-01, accept = 1, Q = +0.113521, S5 = +32.7192
GPT :     588.238212 s : Trajectory 334: plaquette = 0.063870, dH = -2.5328e-01, accept = 1, Q = +0.265419, S5 = +4.8619
GPT :     589.967171 s : Trajectory 335: plaquette = 0.054036, dH = +4.9907e-01, accept = 1, Q = +0.000258, S5 = -10.5476
GPT :     591.680418 s : Trajectory 336: plaquette = 0.063157, dH = +1.9226e-01, accept = 1, Q = +0.184633, S5 = -15.1682
GPT :     593.400960 s : Trajectory 337: plaquette = 0.069589, dH = +5.8356e-01, accept = 1, Q = -0.058535, S5 = -6.4922
GPT :     595.119501 s : Trajectory 338: plaquette = 0.053304, dH = +9.7191e-02, accept = 1, Q = +0.170012, S5 = -3.6929
GPT :     596.814349 s : Trajectory 339: plaquette = 0.069506, dH = +6.0132e-01, accept = 1, Q = -0.126228, S5 = -43.8704
GPT :     598.539004 s : Trajectory 340: plaquette = 0.062787, dH = +1.6478e-02, accept = 1, Q = -0.011526, S5 = -39.4405
GPT :     600.249200 s : Trajectory 341: plaquette = 0.075852, dH = -1.7212e-01, accept = 1, Q = -0.015784, S5 = -14.3107
GPT :     601.947939 s : Trajectory 342: plaquette = 0.054747, dH = +2.6932e-01, accept = 1, Q = -0.044738, S5 = +6.1485
GPT :     603.661723 s : Trajectory 343: plaquette = 0.054747, dH = +6.9358e-01, accept = 0, Q = -0.044738, S5 = -16.2049
GPT :     605.374304 s : Trajectory 344: plaquette = 0.054978, dH = +6.6778e-01, accept = 1, Q = +0.032528, S5 = +19.7837
GPT :     607.082976 s : Trajectory 345: plaquette = 0.064504, dH = -9.7170e-01, accept = 1, Q = +0.099691, S5 = +22.9766
GPT :     608.788287 s : Trajectory 346: plaquette = 0.072340, dH = +4.8098e-01, accept = 1, Q = +0.103827, S5 = +27.2269
GPT :     610.508272 s : Trajectory 347: plaquette = 0.050371, dH = +5.3687e-01, accept = 1, Q = -0.069352, S5 = +11.4397
GPT :     612.217165 s : Trajectory 348: plaquette = 0.067529, dH = +4.5164e-02, accept = 1, Q = -0.113583, S5 = -15.4545
GPT :     613.903020 s : Trajectory 349: plaquette = 0.067529, dH = +4.8315e-01, accept = 0, Q = -0.113583, S5 = +3.1503
GPT :     615.643421 s : Trajectory 350: plaquette = 0.058414, dH = -2.6075e-01, accept = 1, Q = +0.014719, S5 = +13.8102
GPT :     617.381974 s : Trajectory 351: plaquette = 0.056406, dH = +6.5258e-01, accept = 1, Q = +0.003257, S5 = -5.7740
GPT :     619.105660 s : Trajectory 352: plaquette = 0.054825, dH = +5.6373e-01, accept = 1, Q = +0.054248, S5 = +5.1071
GPT :     620.803233 s : Trajectory 353: plaquette = 0.054331, dH = -9.0912e-02, accept = 1, Q = -0.023990, S5 = +10.6630
GPT :     622.500881 s : Trajectory 354: plaquette = 0.062487, dH = +2.0344e-01, accept = 1, Q = +0.034588, S5 = +12.7457
GPT :     624.203960 s : Trajectory 355: plaquette = 0.053759, dH = -2.3125e-03, accept = 1, Q = -0.008211, S5 = +27.7725
GPT :     625.915470 s : Trajectory 356: plaquette = 0.069697, dH = -1.1324e-01, accept = 1, Q = +0.056107, S5 = +7.9853
GPT :     627.604839 s : Trajectory 357: plaquette = 0.055575, dH = +3.7996e-01, accept = 1, Q = +0.065620, S5 = -61.7366
GPT :     629.303125 s : Trajectory 358: plaquette = 0.063994, dH = -2.1195e-01, accept = 1, Q = -0.117290, S5 = +53.3231
GPT :     631.016865 s : Trajectory 359: plaquette = 0.058525, dH = -1.1685e+00, accept = 1, Q = -0.095676, S5 = -9.5776
GPT :     632.736243 s : Trajectory 360: plaquette = 0.065158, dH = +1.2835e-01, accept = 1, Q = -0.002343, S5 = -8.9805
GPT :     634.456528 s : Trajectory 361: plaquette = 0.065158, dH = +6.9779e-01, accept = 0, Q = -0.002343, S5 = -2.7709
GPT :     636.180551 s : Trajectory 362: plaquette = 0.058754, dH = -6.1928e-01, accept = 1, Q = -0.053151, S5 = +16.1265
GPT :     637.880648 s : Trajectory 363: plaquette = 0.059681, dH = +3.3762e-01, accept = 1, Q = -0.012477, S5 = -14.0673
GPT :     639.582310 s : Trajectory 364: plaquette = 0.068055, dH = -1.8997e-01, accept = 1, Q = -0.101120, S5 = -30.7984
GPT :     641.278343 s : Trajectory 365: plaquette = 0.047101, dH = +1.0953e+00, accept = 1, Q = -0.036314, S5 = +23.4401
GPT :     642.985656 s : Trajectory 366: plaquette = 0.047101, dH = +1.0881e+00, accept = 0, Q = -0.036314, S5 = +16.2181
GPT :     644.697541 s : Trajectory 367: plaquette = 0.047101, dH = +9.1562e-01, accept = 0, Q = -0.036314, S5 = -15.0004
GPT :     646.400872 s : Trajectory 368: plaquette = 0.055502, dH = -3.2087e-01, accept = 1, Q = +0.105648, S5 = -13.1203
GPT :     648.113909 s : Trajectory 369: plaquette = 0.062866, dH = -9.3741e-01, accept = 1, Q = -0.029021, S5 = -16.3653
GPT :     649.820301 s : Trajectory 370: plaquette = 0.062030, dH = +6.0341e-01, accept = 1, Q = +0.081590, S5 = +12.5144
GPT :     651.528759 s : Trajectory 371: plaquette = 0.061625, dH = +2.5914e-01, accept = 1, Q = +0.152972, S5 = -46.0134
GPT :     653.240307 s : Trajectory 372: plaquette = 0.061625, dH = +1.5491e+00, accept = 0, Q = +0.152972, S5 = +18.0594
GPT :     655.036452 s : Trajectory 373: plaquette = 0.065758, dH = +1.9104e-01, accept = 1, Q = +0.002898, S5 = +36.5467
GPT :     656.776546 s : Trajectory 374: plaquette = 0.070648, dH = -2.6581e-01, accept = 1, Q = -0.238373, S5 = +13.2163
GPT :     658.507025 s : Trajectory 375: plaquette = 0.059734, dH = +8.3076e-01, accept = 1, Q = -0.057659, S5 = +12.1412
GPT :     660.228686 s : Trajectory 376: plaquette = 0.059734, dH = +8.4909e-01, accept = 0, Q = -0.057659, S5 = -10.2074
GPT :     661.956030 s : Trajectory 377: plaquette = 0.060545, dH = -9.5292e-01, accept = 1, Q = -0.078692, S5 = -0.3555
GPT :     663.692136 s : Trajectory 378: plaquette = 0.053850, dH = -4.4199e-01, accept = 1, Q = +0.178201, S5 = -3.9495
GPT :     665.399461 s : Trajectory 379: plaquette = 0.044828, dH = -7.2230e-01, accept = 1, Q = +0.119189, S5 = -3.1196
GPT :     667.105754 s : Trajectory 380: plaquette = 0.055981, dH = -5.2792e-01, accept = 1, Q = -0.037381, S5 = -18.3168
GPT :     668.847058 s : Trajectory 381: plaquette = 0.055981, dH = +4.2146e-01, accept = 0, Q = -0.037381, S5 = -34.2932
GPT :     670.573488 s : Trajectory 382: plaquette = 0.070053, dH = -3.1429e-01, accept = 1, Q = +0.137005, S5 = +34.6399
GPT :     672.290783 s : Trajectory 383: plaquette = 0.059854, dH = -2.6147e-01, accept = 1, Q = +0.031417, S5 = +12.2705
GPT :     674.007574 s : Trajectory 384: plaquette = 0.054164, dH = -6.1425e-01, accept = 1, Q = -0.134450, S5 = +6.9182
GPT :     675.727682 s : Trajectory 385: plaquette = 0.068944, dH = +5.8954e-02, accept = 1, Q = +0.064530, S5 = +7.5582
GPT :     677.433876 s : Trajectory 386: plaquette = 0.068944, dH = +1.7961e+00, accept = 0, Q = +0.064530, S5 = +17.8285
GPT :     679.122632 s : Trajectory 387: plaquette = 0.068944, dH = +1.0860e+00, accept = 0, Q = +0.064530, S5 = -4.2837
GPT :     680.841690 s : Trajectory 388: plaquette = 0.068944, dH = +1.3333e+00, accept = 0, Q = +0.064530, S5 = -9.2577
GPT :     682.565115 s : Trajectory 389: plaquette = 0.049846, dH = +7.0275e-01, accept = 1, Q = +0.091114, S5 = -2.7700
GPT :     684.284941 s : Trajectory 390: plaquette = 0.058735, dH = +4.5026e-01, accept = 1, Q = +0.126846, S5 = -17.1124
GPT :     686.006200 s : Trajectory 391: plaquette = 0.059759, dH = +2.3746e-01, accept = 1, Q = +0.000961, S5 = -16.9857
GPT :     687.705817 s : Trajectory 392: plaquette = 0.051587, dH = -2.8900e-01, accept = 1, Q = +0.015818, S5 = -29.5290
GPT :     689.413026 s : Trajectory 393: plaquette = 0.058857, dH = +7.6657e-01, accept = 1, Q = -0.193559, S5 = +17.1756
GPT :     691.109955 s : Trajectory 394: plaquette = 0.058857, dH = +1.6572e+00, accept = 0, Q = -0.193559, S5 = -16.4954
GPT :     692.806180 s : Trajectory 395: plaquette = 0.058857, dH = +1.6118e+00, accept = 0, Q = -0.193559, S5 = -25.9683
GPT :     694.500765 s : Trajectory 396: plaquette = 0.064120, dH = +1.0406e+00, accept = 1, Q = +0.006170, S5 = +1.3369
GPT :     696.190600 s : Trajectory 397: plaquette = 0.064120, dH = +1.5393e+00, accept = 0, Q = +0.006170, S5 = -3.4543
GPT :     697.879433 s : Trajectory 398: plaquette = 0.064120, dH = +3.9665e-01, accept = 0, Q = +0.006170, S5 = +8.4091
GPT :     699.594915 s : Trajectory 399: plaquette = 0.051897, dH = -4.4903e-01, accept = 1, Q = +0.063215, S5 = +52.5156
GPT :     701.307331 s : Trajectory 400: plaquette = 0.063855, dH = +8.5108e-01, accept = 1, Q = -0.053681, S5 = +12.1390
GPT :     703.022839 s : Trajectory 401: plaquette = 0.052625, dH = +5.3328e-01, accept = 1, Q = -0.156816, S5 = +38.2976
GPT :     704.718680 s : Trajectory 402: plaquette = 0.048484, dH = +1.8225e-01, accept = 1, Q = -0.050692, S5 = +29.3065
GPT :     706.405912 s : Trajectory 403: plaquette = 0.058061, dH = +9.6828e-01, accept = 1, Q = +0.141719, S5 = -32.8830
GPT :     708.102933 s : Trajectory 404: plaquette = 0.058061, dH = +1.3510e+00, accept = 0, Q = +0.141719, S5 = -0.9844
GPT :     709.789966 s : Trajectory 405: plaquette = 0.053201, dH = -1.9243e-01, accept = 1, Q = +0.083544, S5 = +2.2735
GPT :     711.485587 s : Trajectory 406: plaquette = 0.057644, dH = -3.2205e-01, accept = 1, Q = -0.087824, S5 = +0.2953
GPT :     713.200557 s : Trajectory 407: plaquette = 0.066160, dH = -6.7471e-01, accept = 1, Q = +0.158516, S5 = +30.4383
GPT :     714.893979 s : Trajectory 408: plaquette = 0.068841, dH = -1.2178e-01, accept = 1, Q = +0.031017, S5 = +0.8676
GPT :     716.610679 s : Trajectory 409: plaquette = 0.061701, dH = -9.6559e-01, accept = 1, Q = -0.112472, S5 = +24.3576
GPT :     718.321711 s : Trajectory 410: plaquette = 0.061701, dH = +9.5249e-01, accept = 0, Q = -0.112472, S5 = -27.0587
GPT :     720.032347 s : Trajectory 411: plaquette = 0.065144, dH = -4.8860e-01, accept = 1, Q = -0.046828, S5 = -1.8646
GPT :     721.741493 s : Trajectory 412: plaquette = 0.054209, dH = +1.7735e-01, accept = 1, Q = +0.107243, S5 = -2.9023
GPT :     723.444828 s : Trajectory 413: plaquette = 0.053385, dH = -6.6189e-01, accept = 1, Q = -0.078048, S5 = +16.1364
GPT :     725.134697 s : Trajectory 414: plaquette = 0.053385, dH = +9.3932e-01, accept = 0, Q = -0.078048, S5 = +6.4568
GPT :     726.835401 s : Trajectory 415: plaquette = 0.053385, dH = +7.5357e-01, accept = 0, Q = -0.078048, S5 = -19.3721
GPT :     728.538367 s : Trajectory 416: plaquette = 0.055147, dH = -5.1718e-01, accept = 1, Q = +0.042908, S5 = +0.3176
GPT :     730.272357 s : Trajectory 417: plaquette = 0.062367, dH = -7.3902e-01, accept = 1, Q = +0.075005, S5 = +29.5324
GPT :     731.991475 s : Trajectory 418: plaquette = 0.053683, dH = -1.1993e-02, accept = 1, Q = -0.022858, S5 = -25.1611
GPT :     733.700996 s : Trajectory 419: plaquette = 0.063709, dH = +8.3731e-01, accept = 1, Q = -0.033898, S5 = +21.9548
GPT :     735.411841 s : Trajectory 420: plaquette = 0.056397, dH = -1.5776e-01, accept = 1, Q = +0.129349, S5 = -14.2388
GPT :     737.124124 s : Trajectory 421: plaquette = 0.067061, dH = -2.8033e-01, accept = 1, Q = +0.021098, S5 = +43.6096
GPT :     738.827023 s : Trajectory 422: plaquette = 0.061228, dH = +6.1195e-03, accept = 1, Q = -0.142105, S5 = -5.3711
GPT :     740.530135 s : Trajectory 423: plaquette = 0.050359, dH = +2.0529e-01, accept = 1, Q = +0.077656, S5 = +19.5395
GPT :     742.237815 s : Trajectory 424: plaquette = 0.068783, dH = -4.8273e-01, accept = 1, Q = +0.156166, S5 = +23.1069
GPT :     743.953295 s : Trajectory 425: plaquette = 0.050698, dH = -4.0142e-01, accept = 1, Q = -0.158255, S5 = -10.8212
GPT :     745.656255 s : Trajectory 426: plaquette = 0.068709, dH = -5.6794e-01, accept = 1, Q = +0.083548, S5 = -42.3824
GPT :     747.343960 s : Trajectory 427: plaquette = 0.068709, dH = +7.7969e-01, accept = 0, Q = +0.083548, S5 = -11.8962
GPT :     749.054406 s : Trajectory 428: plaquette = 0.060797, dH = -1.5843e-02, accept = 1, Q = -0.009815, S5 = -39.3968
GPT :     750.762009 s : Trajectory 429: plaquette = 0.060797, dH = +1.3142e+00, accept = 0, Q = -0.009815, S5 = +2.8682
GPT :     752.469518 s : Trajectory 430: plaquette = 0.050754, dH = +1.5138e-01, accept = 1, Q = -0.031591, S5 = -12.4497
GPT :     754.189322 s : Trajectory 431: plaquette = 0.044534, dH = -3.8672e-01, accept = 1, Q = -0.113101, S5 = -46.9173
GPT :     755.896496 s : Trajectory 432: plaquette = 0.044534, dH = +3.4502e-01, accept = 0, Q = -0.113101, S5 = -4.9774
GPT :     757.626863 s : Trajectory 433: plaquette = 0.058363, dH = -8.3119e-01, accept = 1, Q = +0.021374, S5 = +15.3250
GPT :     759.326446 s : Trajectory 434: plaquette = 0.057859, dH = +2.5657e-02, accept = 1, Q = -0.085663, S5 = -2.0093
GPT :     761.026290 s : Trajectory 435: plaquette = 0.051217, dH = -4.3864e-01, accept = 1, Q = +0.095292, S5 = +10.1134
GPT :     762.745860 s : Trajectory 436: plaquette = 0.053806, dH = +9.6533e-02, accept = 1, Q = +0.001330, S5 = +40.1447
GPT :     764.461893 s : Trajectory 437: plaquette = 0.053806, dH = +5.3827e-01, accept = 0, Q = +0.001330, S5 = -8.3806
GPT :     766.171158 s : Trajectory 438: plaquette = 0.059152, dH = -7.9074e-02, accept = 1, Q = -0.001668, S5 = +26.6911
GPT :     767.889875 s : Trajectory 439: plaquette = 0.059152, dH = +5.7555e-01, accept = 0, Q = -0.001668, S5 = -18.8438
GPT :     769.603469 s : Trajectory 440: plaquette = 0.060499, dH = -2.9068e-01, accept = 1, Q = +0.144844, S5 = +2.8058
GPT :     771.324659 s : Trajectory 441: plaquette = 0.060499, dH = +1.1790e+00, accept = 0, Q = +0.144844, S5 = +0.9136
GPT :     773.032901 s : Trajectory 442: plaquette = 0.060499, dH = +6.5619e-01, accept = 0, Q = +0.144844, S5 = +1.1890
GPT :     774.757396 s : Trajectory 443: plaquette = 0.060499, dH = +1.1737e+00, accept = 0, Q = +0.144844, S5 = +16.6076
GPT :     776.473518 s : Trajectory 444: plaquette = 0.065291, dH = -4.9569e-01, accept = 1, Q = -0.114132, S5 = -20.6177
GPT :     778.174852 s : Trajectory 445: plaquette = 0.056421, dH = -3.2685e-01, accept = 1, Q = -0.085492, S5 = +21.6566
GPT :     779.895869 s : Trajectory 446: plaquette = 0.056421, dH = +5.6080e-01, accept = 0, Q = -0.085492, S5 = -5.0996
GPT :     781.679388 s : Trajectory 447: plaquette = 0.056471, dH = -7.6535e-02, accept = 1, Q = +0.077856, S5 = +0.6266
GPT :     783.400302 s : Trajectory 448: plaquette = 0.056471, dH = +7.8123e-01, accept = 0, Q = +0.077856, S5 = +38.5127
GPT :     785.122196 s : Trajectory 449: plaquette = 0.061493, dH = +4.2337e-01, accept = 1, Q = +0.053377, S5 = -29.5473
GPT :     786.853223 s : Trajectory 450: plaquette = 0.066036, dH = -9.0147e-01, accept = 1, Q = -0.026651, S5 = -6.5512
GPT :     788.567484 s : Trajectory 451: plaquette = 0.054006, dH = +8.8866e-01, accept = 1, Q = +0.027199, S5 = -8.9774
GPT :     790.286130 s : Trajectory 452: plaquette = 0.056397, dH = -3.8163e-01, accept = 1, Q = +0.093000, S5 = +3.2475
GPT :     792.016265 s : Trajectory 453: plaquette = 0.056397, dH = +9.3422e-01, accept = 0, Q = +0.093000, S5 = +28.6068
GPT :     793.740967 s : Trajectory 454: plaquette = 0.052844, dH = +4.4432e-02, accept = 1, Q = +0.037689, S5 = +2.6189
GPT :     795.453009 s : Trajectory 455: plaquette = 0.056896, dH = +2.1273e-02, accept = 1, Q = +0.039300, S5 = -20.9924
GPT :     797.168444 s : Trajectory 456: plaquette = 0.064545, dH = -8.3315e-01, accept = 1, Q = -0.008775, S5 = -27.0594
GPT :     798.891712 s : Trajectory 457: plaquette = 0.050403, dH = +3.5040e-01, accept = 1, Q = -0.143255, S5 = -3.4421
GPT :     800.617174 s : Trajectory 458: plaquette = 0.050403, dH = +3.5310e-01, accept = 0, Q = -0.143255, S5 = -6.8395
GPT :     802.315151 s : Trajectory 459: plaquette = 0.068065, dH = +4.0332e-01, accept = 1, Q = -0.059707, S5 = +0.0672
GPT :     804.008617 s : Trajectory 460: plaquette = 0.053003, dH = +7.0165e-01, accept = 1, Q = -0.012949, S5 = -28.6820
GPT :     805.717908 s : Trajectory 461: plaquette = 0.053076, dH = +6.6034e-01, accept = 1, Q = -0.026479, S5 = -4.8985
GPT :     807.403437 s : Trajectory 462: plaquette = 0.052890, dH = +9.0172e-01, accept = 1, Q = +0.045983, S5 = +10.0368
GPT :     809.115116 s : Trajectory 463: plaquette = 0.051934, dH = -3.2189e-01, accept = 1, Q = -0.095229, S5 = -9.5270
GPT :     810.817907 s : Trajectory 464: plaquette = 0.067915, dH = +4.5968e-01, accept = 1, Q = +0.014639, S5 = -38.2093
GPT :     812.530736 s : Trajectory 465: plaquette = 0.067915, dH = +1.1498e+00, accept = 0, Q = +0.014639, S5 = +5.8854
GPT :     814.220529 s : Trajectory 466: plaquette = 0.067915, dH = +1.6393e+00, accept = 0, Q = +0.014639, S5 = +29.6375
GPT :     815.942623 s : Trajectory 467: plaquette = 0.071431, dH = +9.7546e-01, accept = 1, Q = +0.039893, S5 = +9.7270
GPT :     817.664140 s : Trajectory 468: plaquette = 0.077586, dH = -5.0032e-01, accept = 1, Q = +0.141933, S5 = -25.3296
GPT :     819.362457 s : Trajectory 469: plaquette = 0.072976, dH = +9.9047e-01, accept = 1, Q = -0.007844, S5 = +21.6054
GPT :     821.048538 s : Trajectory 470: plaquette = 0.057756, dH = +2.0165e-01, accept = 1, Q = -0.033142, S5 = +26.0994
GPT :     822.763088 s : Trajectory 471: plaquette = 0.051800, dH = +4.6671e-01, accept = 1, Q = +0.045174, S5 = +30.4335
GPT :     824.472041 s : Trajectory 472: plaquette = 0.059545, dH = +1.5315e-01, accept = 1, Q = +0.049525, S5 = +16.4128
GPT :     826.172751 s : Trajectory 473: plaquette = 0.037859, dH = +1.4233e-01, accept = 1, Q = -0.044249, S5 = +43.6076
GPT :     827.877608 s : Trajectory 474: plaquette = 0.055742, dH = +7.5840e-01, accept = 1, Q = -0.162163, S5 = -34.8154
GPT :     829.598385 s : Trajectory 475: plaquette = 0.065626, dH = -3.5012e-01, accept = 1, Q = +0.074278, S5 = +15.8685
GPT :     831.326592 s : Trajectory 476: plaquette = 0.048071, dH = +8.0120e-02, accept = 1, Q = -0.069988, S5 = +31.1443
GPT :     833.024823 s : Trajectory 477: plaquette = 0.048071, dH = +1.2109e+00, accept = 0, Q = -0.069988, S5 = +13.9640
GPT :     834.742097 s : Trajectory 478: plaquette = 0.057512, dH = +4.3663e-01, accept = 1, Q = +0.104119, S5 = -1.2866
GPT :     836.446502 s : Trajectory 479: plaquette = 0.049723, dH = +5.7886e-01, accept = 1, Q = +0.233409, S5 = +4.8236
GPT :     838.151871 s : Trajectory 480: plaquette = 0.049723, dH = +1.0715e+00, accept = 0, Q = +0.233409, S5 = -32.9262
GPT :     839.872560 s : Trajectory 481: plaquette = 0.059430, dH = +1.4528e+00, accept = 1, Q = +0.026353, S5 = -29.0396
GPT :     841.557091 s : Trajectory 482: plaquette = 0.052433, dH = +1.7975e-05, accept = 1, Q = -0.004149, S5 = -11.7935
GPT :     843.251248 s : Trajectory 483: plaquette = 0.060778, dH = -1.4102e+00, accept = 1, Q = +0.051326, S5 = -27.1113
GPT :     844.924502 s : Trajectory 484: plaquette = 0.057438, dH = +5.9842e-01, accept = 1, Q = -0.025394, S5 = -30.3212
GPT :     846.625336 s : Trajectory 485: plaquette = 0.054022, dH = +6.4013e-01, accept = 1, Q = +0.111594, S5 = -10.3105
GPT :     848.354487 s : Trajectory 486: plaquette = 0.057651, dH = -1.5815e-04, accept = 1, Q = -0.063585, S5 = -4.9645
GPT :     850.058284 s : Trajectory 487: plaquette = 0.046546, dH = -7.1143e-02, accept = 1, Q = +0.058610, S5 = +7.7675
GPT :     851.783084 s : Trajectory 488: plaquette = 0.045187, dH = -1.6994e-01, accept = 1, Q = -0.001607, S5 = -3.6884
GPT :     853.485010 s : Trajectory 489: plaquette = 0.051374, dH = +3.8154e-01, accept = 1, Q = +0.062816, S5 = +24.5282
GPT :     855.184400 s : Trajectory 490: plaquette = 0.051374, dH = +4.9250e-01, accept = 0, Q = +0.062816, S5 = +18.6575
GPT :     856.888284 s : Trajectory 491: plaquette = 0.066684, dH = -2.5130e-01, accept = 1, Q = -0.096856, S5 = +35.1421
GPT :     858.586858 s : Trajectory 492: plaquette = 0.047841, dH = +1.2401e+00, accept = 1, Q = -0.097940, S5 = +35.6026
GPT :     860.274676 s : Trajectory 493: plaquette = 0.047476, dH = +6.0092e-01, accept = 1, Q = +0.014697, S5 = -14.7447
GPT :     861.985152 s : Trajectory 494: plaquette = 0.067709, dH = -6.1111e-01, accept = 1, Q = +0.002318, S5 = -51.0679
GPT :     863.689994 s : Trajectory 495: plaquette = 0.052811, dH = -7.0359e-01, accept = 1, Q = -0.116241, S5 = -14.8882
GPT :     865.398504 s : Trajectory 496: plaquette = 0.069558, dH = +6.9207e-01, accept = 1, Q = +0.027630, S5 = -26.2588
GPT :     867.098862 s : Trajectory 497: plaquette = 0.069558, dH = +4.8323e-01, accept = 0, Q = +0.027630, S5 = -21.7856
GPT :     868.801456 s : Trajectory 498: plaquette = 0.067382, dH = -2.7848e-01, accept = 1, Q = -0.096437, S5 = -32.7012
GPT :     870.507342 s : Trajectory 499: plaquette = 0.065665, dH = +4.1432e-01, accept = 1, Q = -0.164382, S5 = +21.0928
GPT :     872.227156 s : Trajectory 500: plaquette = 0.065665, dH = +4.9905e-01, accept = 0, Q = -0.164382, S5 = -20.3995
GPT :     873.928197 s : Trajectory 501: plaquette = 0.065665, dH = +5.6843e-01, accept = 0, Q = -0.164382, S5 = -3.6825
GPT :     875.631310 s : Trajectory 502: plaquette = 0.063275, dH = +8.4462e-01, accept = 1, Q = -0.126722, S5 = +15.2151
GPT :     877.340123 s : Trajectory 503: plaquette = 0.058691, dH = +2.4659e-01, accept = 1, Q = +0.020109, S5 = +31.0214
GPT :     879.030319 s : Trajectory 504: plaquette = 0.058691, dH = +1.2736e+00, accept = 0, Q = +0.020109, S5 = +6.2688
GPT :     880.729361 s : Trajectory 505: plaquette = 0.051607, dH = -1.8563e-01, accept = 1, Q = +0.003055, S5 = +4.2497
GPT :     882.435025 s : Trajectory 506: plaquette = 0.048736, dH = -2.0333e-01, accept = 1, Q = +0.000411, S5 = -13.9009
GPT :     884.154369 s : Trajectory 507: plaquette = 0.048736, dH = +1.2832e+00, accept = 0, Q = +0.000411, S5 = +2.8403
GPT :     885.855836 s : Trajectory 508: plaquette = 0.059850, dH = -1.8238e-01, accept = 1, Q = +0.057385, S5 = -32.5391
GPT :     887.559031 s : Trajectory 509: plaquette = 0.059850, dH = +6.2780e-01, accept = 0, Q = +0.057385, S5 = -11.1264
GPT :     889.259338 s : Trajectory 510: plaquette = 0.058060, dH = -4.3985e-01, accept = 1, Q = -0.055060, S5 = -6.4897
GPT :     890.967672 s : Trajectory 511: plaquette = 0.065171, dH = -2.7732e-01, accept = 1, Q = +0.066092, S5 = +34.7886
GPT :     892.696268 s : Trajectory 512: plaquette = 0.059632, dH = +1.1036e+00, accept = 1, Q = +0.236220, S5 = +5.6786
GPT :     894.400797 s : Trajectory 513: plaquette = 0.062898, dH = +1.1369e-01, accept = 1, Q = -0.014635, S5 = -32.0487
GPT :     896.127620 s : Trajectory 514: plaquette = 0.065520, dH = -7.6377e-01, accept = 1, Q = +0.183968, S5 = -29.6813
GPT :     897.832063 s : Trajectory 515: plaquette = 0.065969, dH = +4.8887e-01, accept = 1, Q = -0.068120, S5 = -9.4873
GPT :     899.530277 s : Trajectory 516: plaquette = 0.055939, dH = -7.9819e-01, accept = 1, Q = +0.031238, S5 = +3.8396
GPT :     901.223384 s : Trajectory 517: plaquette = 0.053001, dH = +1.1845e+00, accept = 1, Q = +0.050404, S5 = -26.9890
GPT :     902.888818 s : Trajectory 518: plaquette = 0.065563, dH = -1.6566e-01, accept = 1, Q = -0.199040, S5 = -12.6995
GPT :     904.583071 s : Trajectory 519: plaquette = 0.053111, dH = +7.4181e-02, accept = 1, Q = +0.127485, S5 = +48.2324
GPT :     906.276233 s : Trajectory 520: plaquette = 0.056588, dH = +6.8601e-02, accept = 1, Q = +0.165657, S5 = -1.8622
GPT :     907.969694 s : Trajectory 521: plaquette = 0.049517, dH = +5.9325e-01, accept = 1, Q = +0.138100, S5 = -14.4759
GPT :     909.667605 s : Trajectory 522: plaquette = 0.055938, dH = +3.8851e-01, accept = 1, Q = -0.125470, S5 = -61.0605
GPT :     911.373556 s : Trajectory 523: plaquette = 0.054176, dH = -7.9353e-01, accept = 1, Q = +0.059844, S5 = +4.2855
GPT :     913.057319 s : Trajectory 524: plaquette = 0.068713, dH = +1.8510e-01, accept = 1, Q = +0.019957, S5 = -13.4547
GPT :     914.762067 s : Trajectory 525: plaquette = 0.066985, dH = +1.8984e-01, accept = 1, Q = -0.213590, S5 = +3.7595
GPT :     916.470546 s : Trajectory 526: plaquette = 0.066985, dH = +5.6485e-01, accept = 0, Q = -0.213590, S5 = +10.3398
GPT :     918.169217 s : Trajectory 527: plaquette = 0.051954, dH = +1.6446e+00, accept = 1, Q = +0.057878, S5 = +3.7429
GPT :     919.874478 s : Trajectory 528: plaquette = 0.055658, dH = -7.6761e-01, accept = 1, Q = +0.078359, S5 = +2.9613
GPT :     921.583414 s : Trajectory 529: plaquette = 0.059850, dH = +1.8425e+00, accept = 1, Q = -0.009399, S5 = +1.1342
GPT :     923.282374 s : Trajectory 530: plaquette = 0.060560, dH = -3.6680e-01, accept = 1, Q = -0.010907, S5 = -4.8648
GPT :     924.969481 s : Trajectory 531: plaquette = 0.060560, dH = +1.3909e+00, accept = 0, Q = -0.010907, S5 = +8.5848
GPT :     926.647875 s : Trajectory 532: plaquette = 0.060560, dH = +2.7289e-01, accept = 0, Q = -0.010907, S5 = -4.1507
GPT :     928.348294 s : Trajectory 533: plaquette = 0.057198, dH = -1.9281e-01, accept = 1, Q = -0.084005, S5 = +10.0641
GPT :     930.058236 s : Trajectory 534: plaquette = 0.057198, dH = +8.8160e-02, accept = 0, Q = -0.084005, S5 = -26.6595
GPT :     931.798428 s : Trajectory 535: plaquette = 0.059533, dH = +3.1079e-01, accept = 1, Q = +0.168040, S5 = -42.5962
GPT :     933.510625 s : Trajectory 536: plaquette = 0.058758, dH = -1.1142e+00, accept = 1, Q = +0.082092, S5 = +5.3892
GPT :     935.232194 s : Trajectory 537: plaquette = 0.058758, dH = +1.1384e+00, accept = 0, Q = +0.082092, S5 = -5.9197
GPT :     936.948463 s : Trajectory 538: plaquette = 0.058758, dH = +1.9630e-01, accept = 0, Q = +0.082092, S5 = -2.5032
GPT :     938.646666 s : Trajectory 539: plaquette = 0.056213, dH = -6.6840e-01, accept = 1, Q = -0.036239, S5 = -5.7302
GPT :     940.355296 s : Trajectory 540: plaquette = 0.048198, dH = -1.3902e+00, accept = 1, Q = +0.093203, S5 = -47.9791
GPT :     942.068930 s : Trajectory 541: plaquette = 0.067106, dH = +4.3751e-01, accept = 1, Q = +0.009454, S5 = -24.9056
GPT :     943.799608 s : Trajectory 542: plaquette = 0.054635, dH = -9.5338e-02, accept = 1, Q = +0.109502, S5 = -9.4778
GPT :     945.514579 s : Trajectory 543: plaquette = 0.059604, dH = +6.0654e-01, accept = 1, Q = +0.066987, S5 = -13.8254
GPT :     947.239527 s : Trajectory 544: plaquette = 0.059604, dH = +1.9516e+00, accept = 0, Q = +0.066987, S5 = +6.4056
GPT :     948.977006 s : Trajectory 545: plaquette = 0.061655, dH = -5.8232e-01, accept = 1, Q = +0.015006, S5 = +13.1123
GPT :     950.679211 s : Trajectory 546: plaquette = 0.070659, dH = +5.6111e-02, accept = 1, Q = -0.096568, S5 = +29.1222
GPT :     952.406758 s : Trajectory 547: plaquette = 0.072545, dH = -1.6494e-01, accept = 1, Q = -0.043813, S5 = +39.8474
GPT :     954.115299 s : Trajectory 548: plaquette = 0.072545, dH = +9.8004e-01, accept = 0, Q = -0.043813, S5 = +16.3011
GPT :     955.818591 s : Trajectory 549: plaquette = 0.059893, dH = +7.6225e-01, accept = 1, Q = +0.116122, S5 = +19.2937
GPT :     957.500504 s : Trajectory 550: plaquette = 0.069423, dH = +8.0470e-01, accept = 1, Q = -0.051658, S5 = -27.7161
GPT :     959.209376 s : Trajectory 551: plaquette = 0.047743, dH = -8.5558e-01, accept = 1, Q = +0.126567, S5 = +28.3220
GPT :     960.898442 s : Trajectory 552: plaquette = 0.047743, dH = +1.0663e+00, accept = 0, Q = +0.126567, S5 = +5.1210
GPT :     962.591328 s : Trajectory 553: plaquette = 0.049777, dH = -1.3549e+00, accept = 1, Q = +0.085324, S5 = -11.9230
GPT :     964.282256 s : Trajectory 554: plaquette = 0.057420, dH = -7.3785e-01, accept = 1, Q = +0.032655, S5 = +32.9702
GPT :     966.066151 s : Trajectory 555: plaquette = 0.059161, dH = +9.7182e-02, accept = 1, Q = +0.020547, S5 = +30.2374
GPT :     967.770095 s : Trajectory 556: plaquette = 0.068765, dH = +1.6479e-01, accept = 1, Q = +0.064620, S5 = +30.4009
GPT :     969.478376 s : Trajectory 557: plaquette = 0.052531, dH = +2.8458e-02, accept = 1, Q = +0.066025, S5 = -8.2092
GPT :     971.184507 s : Trajectory 558: plaquette = 0.062735, dH = -1.3053e+00, accept = 1, Q = +0.123422, S5 = -23.9314
GPT :     972.894552 s : Trajectory 559: plaquette = 0.058080, dH = -4.5459e-01, accept = 1, Q = -0.115498, S5 = -12.8918
GPT :     974.590660 s : Trajectory 560: plaquette = 0.063630, dH = +4.7422e-02, accept = 1, Q = +0.127144, S5 = +23.5895
GPT :     976.277354 s : Trajectory 561: plaquette = 0.063630, dH = +7.1458e-01, accept = 0, Q = +0.127144, S5 = -4.7987
GPT :     977.979996 s : Trajectory 562: plaquette = 0.057953, dH = +8.7251e-01, accept = 1, Q = -0.107650, S5 = -2.5977
GPT :     979.680921 s : Trajectory 563: plaquette = 0.057953, dH = +1.0157e+00, accept = 0, Q = -0.107650, S5 = -12.6621
GPT :     981.375740 s : Trajectory 564: plaquette = 0.070151, dH = -1.6335e+00, accept = 1, Q = +0.031158, S5 = +25.3147
GPT :     983.060070 s : Trajectory 565: plaquette = 0.070151, dH = +5.0561e-01, accept = 0, Q = +0.031158, S5 = -15.5944
GPT :     984.793129 s : Trajectory 566: plaquette = 0.070151, dH = +1.3870e+00, accept = 0, Q = +0.031158, S5 = +14.8852
GPT :     986.524510 s : Trajectory 567: plaquette = 0.070151, dH = +1.2635e+00, accept = 0, Q = +0.031158, S5 = -21.7811
GPT :     988.230820 s : Trajectory 568: plaquette = 0.061714, dH = -8.9419e-03, accept = 1, Q = +0.074864, S5 = +0.6739
GPT :     989.949271 s : Trajectory 569: plaquette = 0.061714, dH = +1.6036e+00, accept = 0, Q = +0.074864, S5 = +16.1181
GPT :     991.641540 s : Trajectory 570: plaquette = 0.060732, dH = +5.0506e-02, accept = 1, Q = +0.197130, S5 = +1.6107
GPT :     993.341348 s : Trajectory 571: plaquette = 0.060732, dH = +1.6483e+00, accept = 0, Q = +0.197130, S5 = -43.8310
GPT :     995.051490 s : Trajectory 572: plaquette = 0.060732, dH = +5.4745e-01, accept = 0, Q = +0.197130, S5 = +27.3584
GPT :     996.770663 s : Trajectory 573: plaquette = 0.057392, dH = +1.1171e-01, accept = 1, Q = +0.004641, S5 = -18.9663
GPT :     998.487295 s : Trajectory 574: plaquette = 0.062109, dH = -4.1868e-02, accept = 1, Q = +0.113890, S5 = +2.2911
GPT :    1000.198280 s : Trajectory 575: plaquette = 0.055136, dH = +7.9863e-01, accept = 1, Q = -0.023504, S5 = -42.1927
GPT :    1001.894821 s : Trajectory 576: plaquette = 0.064659, dH = -3.2101e-01, accept = 1, Q = +0.222856, S5 = -3.8972
GPT :    1003.601544 s : Trajectory 577: plaquette = 0.066971, dH = -1.6412e-01, accept = 1, Q = -0.102862, S5 = +4.0094
GPT :    1005.301987 s : Trajectory 578: plaquette = 0.066971, dH = +1.3424e+00, accept = 0, Q = -0.102862, S5 = -32.0013
GPT :    1006.989283 s : Trajectory 579: plaquette = 0.056640, dH = -2.4056e-01, accept = 1, Q = -0.046586, S5 = +26.7210
GPT :    1008.678860 s : Trajectory 580: plaquette = 0.056170, dH = -1.9079e-02, accept = 1, Q = +0.043451, S5 = -33.6842
GPT :    1010.362653 s : Trajectory 581: plaquette = 0.060339, dH = +1.0396e+00, accept = 1, Q = +0.093060, S5 = -26.2705
GPT :    1012.050793 s : Trajectory 582: plaquette = 0.060339, dH = +3.4285e-01, accept = 0, Q = +0.093060, S5 = -18.8122
GPT :    1013.750146 s : Trajectory 583: plaquette = 0.065614, dH = +2.9421e-01, accept = 1, Q = -0.050186, S5 = +8.2898
GPT :    1015.436204 s : Trajectory 584: plaquette = 0.059472, dH = -1.4037e-01, accept = 1, Q = -0.070419, S5 = -2.9588
GPT :    1017.111111 s : Trajectory 585: plaquette = 0.064308, dH = +3.4766e-01, accept = 1, Q = -0.066323, S5 = -6.3149
GPT :    1018.796477 s : Trajectory 586: plaquette = 0.059041, dH = -2.0746e-01, accept = 1, Q = -0.028014, S5 = +14.4970
GPT :    1020.490107 s : Trajectory 587: plaquette = 0.059041, dH = +8.5619e-01, accept = 0, Q = -0.028014, S5 = +3.9551
GPT :    1022.209900 s : Trajectory 588: plaquette = 0.059041, dH = +8.2169e-01, accept = 0, Q = -0.028014, S5 = +63.2321
GPT :    1023.887101 s : Trajectory 589: plaquette = 0.053785, dH = -3.8048e-03, accept = 1, Q = +0.009830, S5 = -26.4773
GPT :    1025.563104 s : Trajectory 590: plaquette = 0.055751, dH = -7.3221e-02, accept = 1, Q = -0.011226, S5 = -7.8094
GPT :    1027.284830 s : Trajectory 591: plaquette = 0.055751, dH = +1.4981e+00, accept = 0, Q = -0.011226, S5 = -23.6033
GPT :    1028.975616 s : Trajectory 592: plaquette = 0.076379, dH = -7.4665e-02, accept = 1, Q = -0.119865, S5 = -13.9844
GPT :    1030.658419 s : Trajectory 593: plaquette = 0.076379, dH = +3.4752e-01, accept = 0, Q = -0.119865, S5 = +26.6705
GPT :    1032.365432 s : Trajectory 594: plaquette = 0.076379, dH = +1.6943e+00, accept = 0, Q = -0.119865, S5 = -22.0197
GPT :    1034.063469 s : Trajectory 595: plaquette = 0.061472, dH = +5.7423e-01, accept = 1, Q = +0.051840, S5 = +44.3213
GPT :    1035.752077 s : Trajectory 596: plaquette = 0.061953, dH = -6.4218e-01, accept = 1, Q = +0.002627, S5 = -7.0771
GPT :    1037.438196 s : Trajectory 597: plaquette = 0.053213, dH = +2.1353e-01, accept = 1, Q = +0.080182, S5 = -14.7479
GPT :    1039.147729 s : Trajectory 598: plaquette = 0.061486, dH = -7.2772e-01, accept = 1, Q = -0.095479, S5 = -37.3545
GPT :    1040.933804 s : Trajectory 599: plaquette = 0.068275, dH = +4.0355e-01, accept = 1, Q = +0.007593, S5 = +10.3536
GPT :    1042.591274 s : Trajectory 600: plaquette = 0.068275, dH = +8.0468e-01, accept = 0, Q = +0.007593, S5 = +22.8110
GPT :    1044.328901 s : Trajectory 601: plaquette = 0.068275, dH = +5.5300e-01, accept = 0, Q = +0.007593, S5 = +3.1176
GPT :    1046.126265 s : Trajectory 602: plaquette = 0.055440, dH = -1.0757e+00, accept = 1, Q = -0.110000, S5 = +26.1199
GPT :    1047.944913 s : Trajectory 603: plaquette = 0.051877, dH = +8.3214e-02, accept = 1, Q = +0.091694, S5 = +23.9860
GPT :    1049.810364 s : Trajectory 604: plaquette = 0.046266, dH = +3.2210e-01, accept = 1, Q = -0.045626, S5 = +13.3480
GPT :    1051.681225 s : Trajectory 605: plaquette = 0.057063, dH = +4.6296e-01, accept = 1, Q = +0.025366, S5 = +14.2954
GPT :    1053.580443 s : Trajectory 606: plaquette = 0.056504, dH = -4.9352e-01, accept = 1, Q = -0.086194, S5 = -10.2427
GPT :    1055.366265 s : Trajectory 607: plaquette = 0.052051, dH = -4.9211e-03, accept = 1, Q = -0.030177, S5 = -10.0941
GPT :    1057.133930 s : Trajectory 608: plaquette = 0.054896, dH = -1.0222e+00, accept = 1, Q = -0.064843, S5 = -38.3955
GPT :    1058.949986 s : Trajectory 609: plaquette = 0.054896, dH = +8.7643e-01, accept = 0, Q = -0.064843, S5 = -5.0797
GPT :    1060.742274 s : Trajectory 610: plaquette = 0.062923, dH = -5.0383e-01, accept = 1, Q = -0.074681, S5 = +14.5340
GPT :    1062.495391 s : Trajectory 611: plaquette = 0.065041, dH = -5.6789e-01, accept = 1, Q = +0.157608, S5 = -39.9062
GPT :    1064.253853 s : Trajectory 612: plaquette = 0.065041, dH = +1.6037e+00, accept = 0, Q = +0.157608, S5 = +19.8521
GPT :    1066.017448 s : Trajectory 613: plaquette = 0.063437, dH = -1.3460e+00, accept = 1, Q = +0.045144, S5 = -3.5117
GPT :    1067.788614 s : Trajectory 614: plaquette = 0.058495, dH = +2.1204e-01, accept = 1, Q = +0.211956, S5 = +16.1556
GPT :    1069.559360 s : Trajectory 615: plaquette = 0.061327, dH = -4.3075e-01, accept = 1, Q = +0.069355, S5 = +14.6179
GPT :    1071.337374 s : Trajectory 616: plaquette = 0.061327, dH = +1.6198e+00, accept = 0, Q = +0.069355, S5 = +14.1606
GPT :    1073.100755 s : Trajectory 617: plaquette = 0.061327, dH = +7.4905e-01, accept = 0, Q = +0.069355, S5 = -6.1722
GPT :    1074.883123 s : Trajectory 618: plaquette = 0.061327, dH = +7.2404e-01, accept = 0, Q = +0.069355, S5 = -3.5033
GPT :    1076.643143 s : Trajectory 619: plaquette = 0.065968, dH = +3.6346e-01, accept = 1, Q = +0.016960, S5 = +2.9879
GPT :    1078.414387 s : Trajectory 620: plaquette = 0.055397, dH = -3.2092e-01, accept = 1, Q = +0.030963, S5 = -26.9342
GPT :    1080.181813 s : Trajectory 621: plaquette = 0.055397, dH = +1.1594e+00, accept = 0, Q = +0.030963, S5 = +25.3932
GPT :    1081.970673 s : Trajectory 622: plaquette = 0.044480, dH = -3.8151e-01, accept = 1, Q = -0.094833, S5 = -21.4122
GPT :    2138.298979 s : Trajectory 623: plaquette = 0.051356, dH = -3.4536e-01, accept = 1, Q = -0.017523, S5 = -25.4571
GPT :    2140.100618 s : Trajectory 624: plaquette = 0.051356, dH = +5.3864e-01, accept = 0, Q = -0.017523, S5 = -32.1145
GPT :    2141.840742 s : Trajectory 625: plaquette = 0.051356, dH = +1.1260e+00, accept = 0, Q = -0.017523, S5 = +20.5354
GPT :    2143.497152 s : Trajectory 626: plaquette = 0.061838, dH = -3.1356e-01, accept = 1, Q = +0.086540, S5 = +0.3491
GPT :    2145.205885 s : Trajectory 627: plaquette = 0.073859, dH = -8.4448e-02, accept = 1, Q = -0.052551, S5 = -6.7581
GPT :    2146.983729 s : Trajectory 628: plaquette = 0.074700, dH = +6.6443e-01, accept = 1, Q = -0.024743, S5 = -37.0464
GPT :    2148.709681 s : Trajectory 629: plaquette = 0.058872, dH = -1.3444e-01, accept = 1, Q = +0.236554, S5 = +41.8917
GPT :    2150.460785 s : Trajectory 630: plaquette = 0.055585, dH = -1.1558e-01, accept = 1, Q = +0.057196, S5 = +4.3242
GPT :    2152.227501 s : Trajectory 631: plaquette = 0.060133, dH = +1.3541e-01, accept = 1, Q = +0.090615, S5 = +0.6167
GPT :    2153.999934 s : Trajectory 632: plaquette = 0.052790, dH = +5.1053e-01, accept = 1, Q = -0.114033, S5 = +57.9761
GPT :    2155.732372 s : Trajectory 633: plaquette = 0.052790, dH = +9.9223e-02, accept = 0, Q = -0.114033, S5 = -7.6093
GPT :    2157.444099 s : Trajectory 634: plaquette = 0.058457, dH = +1.5338e-01, accept = 1, Q = -0.136550, S5 = +15.1249
GPT :    2159.158219 s : Trajectory 635: plaquette = 0.063032, dH = -5.0234e-02, accept = 1, Q = +0.084110, S5 = +17.2474
GPT :    2160.848898 s : Trajectory 636: plaquette = 0.056107, dH = -8.0687e-01, accept = 1, Q = -0.069236, S5 = +15.9480
GPT :    2162.513689 s : Trajectory 637: plaquette = 0.058452, dH = -3.8102e-01, accept = 1, Q = -0.110370, S5 = +0.8456
GPT :    2164.368564 s : Trajectory 638: plaquette = 0.058452, dH = +8.0932e-01, accept = 0, Q = -0.110370, S5 = -31.0929
GPT :    2166.156596 s : Trajectory 639: plaquette = 0.060139, dH = +4.1567e-01, accept = 1, Q = +0.229593, S5 = +24.2072
GPT :    2167.983552 s : Trajectory 640: plaquette = 0.060365, dH = -1.0074e+00, accept = 1, Q = -0.335472, S5 = +32.6588
GPT :    2230.066174 s : Trajectory 641: plaquette = 0.061153, dH = -2.1601e-01, accept = 1, Q = +0.100924, S5 = -26.0754
GPT :    2231.738363 s : Trajectory 642: plaquette = 0.056968, dH = +1.2366e-01, accept = 1, Q = -0.031583, S5 = +20.6230
GPT :    2233.322385 s : Trajectory 643: plaquette = 0.062608, dH = -3.8899e-01, accept = 1, Q = -0.096978, S5 = -19.0647
GPT :    2234.956839 s : Trajectory 644: plaquette = 0.054001, dH = -3.4147e-01, accept = 1, Q = -0.000207, S5 = -10.9869
GPT :    2236.642823 s : Trajectory 645: plaquette = 0.051042, dH = +2.6741e-01, accept = 1, Q = +0.060505, S5 = +17.2942
GPT :    2736.225943 s : Trajectory 646: plaquette = 0.057910, dH = +1.1670e-02, accept = 1, Q = +0.129198, S5 = +9.8492
GPT :    2737.938012 s : Trajectory 647: plaquette = 0.057940, dH = +3.0042e-01, accept = 1, Q = +0.168674, S5 = -2.1026
GPT :    2739.772013 s : Trajectory 648: plaquette = 0.057940, dH = +5.3453e-01, accept = 0, Q = +0.168674, S5 = +1.8187
GPT :    2741.475026 s : Trajectory 649: plaquette = 0.071143, dH = -9.9055e-01, accept = 1, Q = -0.032806, S5 = -5.4682
GPT :    2743.213718 s : Trajectory 650: plaquette = 0.071143, dH = +1.6338e+00, accept = 0, Q = -0.032806, S5 = -37.9273
GPT :    2744.793380 s : Trajectory 651: plaquette = 0.054099, dH = -3.0654e-01, accept = 1, Q = +0.061377, S5 = +11.2977
GPT :    2746.460409 s : Trajectory 652: plaquette = 0.057880, dH = +1.9829e-01, accept = 1, Q = +0.033162, S5 = +24.1477
GPT :    2991.504952 s : Trajectory 653: plaquette = 0.038440, dH = +1.3404e+00, accept = 1, Q = +0.003896, S5 = -16.7072
GPT :    2993.180380 s : Trajectory 654: plaquette = 0.038440, dH = +8.0145e-01, accept = 0, Q = +0.003896, S5 = -34.9397
GPT :    2994.824886 s : Trajectory 655: plaquette = 0.062798, dH = -4.4225e-01, accept = 1, Q = -0.148328, S5 = -0.1762
GPT :    2996.464802 s : Trajectory 656: plaquette = 0.068257, dH = +2.0990e-01, accept = 1, Q = -0.100115, S5 = +11.7560
GPT :    3003.856785 s : Trajectory 657: plaquette = 0.056456, dH = +4.6161e-01, accept = 1, Q = -0.060734, S5 = -27.0074
GPT :    3005.546309 s : Trajectory 658: plaquette = 0.057755, dH = +1.5095e-01, accept = 1, Q = -0.122254, S5 = -73.9389
GPT :    3007.221711 s : Trajectory 659: plaquette = 0.061230, dH = +6.9785e-01, accept = 1, Q = -0.009426, S5 = +7.6832
GPT :    3008.881705 s : Trajectory 660: plaquette = 0.056999, dH = +7.3633e-02, accept = 1, Q = -0.050936, S5 = +12.0181
GPT :    3010.540076 s : Trajectory 661: plaquette = 0.056999, dH = +1.5025e+00, accept = 0, Q = -0.050936, S5 = -25.9688
GPT :    3012.148846 s : Trajectory 662: plaquette = 0.055402, dH = -1.7047e-01, accept = 1, Q = +0.076427, S5 = -12.1611
GPT :    3013.783826 s : Trajectory 663: plaquette = 0.047154, dH = +7.1157e-02, accept = 1, Q = -0.154101, S5 = -13.0780
GPT :    3216.948089 s : Trajectory 664: plaquette = 0.052952, dH = -4.7183e-01, accept = 1, Q = -0.099356, S5 = +2.5140
GPT :    3218.628903 s : Trajectory 665: plaquette = 0.058360, dH = -3.9020e-01, accept = 1, Q = +0.043081, S5 = +18.4907
GPT :    3220.294653 s : Trajectory 666: plaquette = 0.044599, dH = +6.4710e-01, accept = 1, Q = -0.045033, S5 = -17.7909
GPT :    3221.973037 s : Trajectory 667: plaquette = 0.052694, dH = -2.1427e-01, accept = 1, Q = +0.017211, S5 = -31.8739
GPT :    3223.679877 s : Trajectory 668: plaquette = 0.063570, dH = -1.9519e-01, accept = 1, Q = -0.032795, S5 = -6.8274
GPT :    4150.434585 s : Trajectory 669: plaquette = 0.063570, dH = +5.8067e-01, accept = 0, Q = -0.032795, S5 = +14.5822
GPT :    4152.397696 s : Trajectory 670: plaquette = 0.063570, dH = +5.6966e-01, accept = 0, Q = -0.032795, S5 = +19.0277
GPT :    4154.250589 s : Trajectory 671: plaquette = 0.057325, dH = +3.9332e-01, accept = 1, Q = -0.069794, S5 = +6.4226
GPT :    4155.987290 s : Trajectory 672: plaquette = 0.057325, dH = +1.3216e+00, accept = 0, Q = -0.069794, S5 = +5.4499
GPT :    4157.789385 s : Trajectory 673: plaquette = 0.069633, dH = +2.7814e-01, accept = 1, Q = +0.189146, S5 = -12.9858
GPT :    4159.691170 s : Trajectory 674: plaquette = 0.069633, dH = +3.7233e-01, accept = 0, Q = +0.189146, S5 = +10.9889
GPT :    4161.408813 s : Trajectory 675: plaquette = 0.056048, dH = -5.5779e-01, accept = 1, Q = -0.051945, S5 = -7.2352
GPT :    4163.322314 s : Trajectory 676: plaquette = 0.056048, dH = +1.2822e+00, accept = 0, Q = -0.051945, S5 = -12.6114
GPT :    4165.190136 s : Trajectory 677: plaquette = 0.057790, dH = -7.3177e-01, accept = 1, Q = +0.155334, S5 = +9.3761
GPT :    4166.967516 s : Trajectory 678: plaquette = 0.061276, dH = +1.0437e+00, accept = 1, Q = +0.026369, S5 = -0.2234
GPT :    4168.723361 s : Trajectory 679: plaquette = 0.074087, dH = +1.1699e-01, accept = 1, Q = -0.013560, S5 = +32.3435
GPT :    4170.479995 s : Trajectory 680: plaquette = 0.074087, dH = +1.3555e+00, accept = 0, Q = -0.013560, S5 = -38.5867
GPT :    4172.231217 s : Trajectory 681: plaquette = 0.074087, dH = +5.5882e-01, accept = 0, Q = -0.013560, S5 = +13.0949
GPT :    4173.986714 s : Trajectory 682: plaquette = 0.074087, dH = +5.8882e-01, accept = 0, Q = -0.013560, S5 = +6.4887
GPT :    4175.820059 s : Trajectory 683: plaquette = 0.074440, dH = +5.3446e-01, accept = 1, Q = +0.000005, S5 = -5.3967
GPT :    4177.707030 s : Trajectory 684: plaquette = 0.060521, dH = +1.0831e+00, accept = 1, Q = +0.064992, S5 = +32.5328
GPT :    4179.477401 s : Trajectory 685: plaquette = 0.062725, dH = -1.6148e-01, accept = 1, Q = +0.118610, S5 = +12.8985
GPT :    4181.221422 s : Trajectory 686: plaquette = 0.069889, dH = +2.6398e-01, accept = 1, Q = -0.028487, S5 = +5.6528
GPT :    4183.029873 s : Trajectory 687: plaquette = 0.074528, dH = +9.5607e-01, accept = 1, Q = -0.098220, S5 = -12.5277
GPT :    4184.781130 s : Trajectory 688: plaquette = 0.074528, dH = +6.9186e-01, accept = 0, Q = -0.098220, S5 = -28.3595
GPT :    4186.536717 s : Trajectory 689: plaquette = 0.074528, dH = +9.5765e-01, accept = 0, Q = -0.098220, S5 = +26.0726
GPT :    4188.304542 s : Trajectory 690: plaquette = 0.074528, dH = +2.1628e-01, accept = 0, Q = -0.098220, S5 = -16.7061
GPT :    4190.060333 s : Trajectory 691: plaquette = 0.074528, dH = +1.1439e+00, accept = 0, Q = -0.098220, S5 = -33.7497
GPT :    4191.803985 s : Trajectory 692: plaquette = 0.053731, dH = +4.0892e-01, accept = 1, Q = +0.011655, S5 = -2.8161
GPT :    4193.587257 s : Trajectory 693: plaquette = 0.053731, dH = +2.0230e+00, accept = 0, Q = +0.011655, S5 = +3.8346
GPT :    4195.342701 s : Trajectory 694: plaquette = 0.053731, dH = +1.7754e+00, accept = 0, Q = +0.011655, S5 = +35.1433
GPT :    4197.104323 s : Trajectory 695: plaquette = 0.051530, dH = +4.6060e-01, accept = 1, Q = +0.034110, S5 = +22.3526
GPT :    4198.864990 s : Trajectory 696: plaquette = 0.078023, dH = -3.2122e-01, accept = 1, Q = +0.024470, S5 = -24.9054
GPT :    4200.616353 s : Trajectory 697: plaquette = 0.064888, dH = +2.1681e-01, accept = 1, Q = -0.027172, S5 = +18.3289
GPT :    4202.397112 s : Trajectory 698: plaquette = 0.056828, dH = -3.9522e-02, accept = 1, Q = +0.098710, S5 = +8.2842
GPT :    4204.162696 s : Trajectory 699: plaquette = 0.050570, dH = +3.4785e-02, accept = 1, Q = +0.069547, S5 = -13.0412
GPT :    4205.850282 s : Trajectory 700: plaquette = 0.050570, dH = +7.5903e-01, accept = 0, Q = +0.069547, S5 = -12.4269
GPT :    4207.516215 s : Trajectory 701: plaquette = 0.050570, dH = +4.8538e-01, accept = 0, Q = +0.069547, S5 = -24.5274
GPT :    4258.810032 s : Trajectory 702: plaquette = 0.052339, dH = -7.4953e-01, accept = 1, Q = +0.015454, S5 = -9.8789
GPT :    4260.483697 s : Trajectory 703: plaquette = 0.052339, dH = +2.3283e-01, accept = 0, Q = +0.015454, S5 = -27.1407
GPT :    4262.127074 s : Trajectory 704: plaquette = 0.066694, dH = +6.2922e-01, accept = 1, Q = -0.100445, S5 = +36.5709
GPT :    4263.730387 s : Trajectory 705: plaquette = 0.066694, dH = +7.5075e-01, accept = 0, Q = -0.100445, S5 = -22.0753
GPT :    4265.298442 s : Trajectory 706: plaquette = 0.066694, dH = +1.5362e+00, accept = 0, Q = -0.100445, S5 = -27.6122
GPT :    4278.089541 s : Trajectory 707: plaquette = 0.066694, dH = +7.9078e-01, accept = 0, Q = -0.100445, S5 = -6.9817
GPT :    4279.760385 s : Trajectory 708: plaquette = 0.057390, dH = -2.7238e-01, accept = 1, Q = +0.209713, S5 = -22.5705
GPT :    4281.434588 s : Trajectory 709: plaquette = 0.061542, dH = +3.7898e-02, accept = 1, Q = +0.022726, S5 = +41.9499
GPT :    4283.127152 s : Trajectory 710: plaquette = 0.060057, dH = +7.0974e-01, accept = 1, Q = -0.127823, S5 = -1.1967
GPT :    5231.741800 s : Trajectory 711: plaquette = 0.055227, dH = -7.4391e-01, accept = 1, Q = +0.006953, S5 = -5.6752
GPT :    5233.807476 s : Trajectory 712: plaquette = 0.064199, dH = -5.1973e-02, accept = 1, Q = +0.084384, S5 = +17.7540
GPT :    5235.518644 s : Trajectory 713: plaquette = 0.064199, dH = +4.6196e-01, accept = 0, Q = +0.084384, S5 = -25.9286
GPT :    5372.835061 s : Trajectory 714: plaquette = 0.064199, dH = +1.4443e-01, accept = 0, Q = +0.084384, S5 = -20.8643
GPT :    5374.640095 s : Trajectory 715: plaquette = 0.066010, dH = -6.4779e-01, accept = 1, Q = +0.073284, S5 = -10.6548
GPT :    5376.396839 s : Trajectory 716: plaquette = 0.055592, dH = +5.0163e-01, accept = 1, Q = +0.309922, S5 = +10.4763
GPT :    5378.549500 s : Trajectory 717: plaquette = 0.069272, dH = -3.7262e-01, accept = 1, Q = -0.034811, S5 = +12.9965
GPT :    5380.207546 s : Trajectory 718: plaquette = 0.064769, dH = +6.2480e-01, accept = 1, Q = +0.064920, S5 = +4.0532
GPT :    5382.119846 s : Trajectory 719: plaquette = 0.059082, dH = -1.1651e-01, accept = 1, Q = -0.257245, S5 = +36.8436
GPT :    5383.837364 s : Trajectory 720: plaquette = 0.059082, dH = +1.0197e+00, accept = 0, Q = -0.257245, S5 = +8.5562
GPT :    5385.541166 s : Trajectory 721: plaquette = 0.055744, dH = -7.2919e-01, accept = 1, Q = -0.076455, S5 = +3.0352
GPT :    5387.246212 s : Trajectory 722: plaquette = 0.055744, dH = +5.4283e-01, accept = 0, Q = -0.076455, S5 = +20.5508
GPT :    5388.934928 s : Trajectory 723: plaquette = 0.055744, dH = +6.1589e-01, accept = 0, Q = -0.076455, S5 = -19.9569
GPT :    5390.668417 s : Trajectory 724: plaquette = 0.054373, dH = +1.9216e-02, accept = 1, Q = +0.104189, S5 = -14.1197
GPT :    5392.372808 s : Trajectory 725: plaquette = 0.058448, dH = -1.1370e+00, accept = 1, Q = -0.045530, S5 = -23.3946
GPT :    5394.098083 s : Trajectory 726: plaquette = 0.058874, dH = -3.7997e-01, accept = 1, Q = -0.108640, S5 = +14.9292
GPT :    5395.805160 s : Trajectory 727: plaquette = 0.059848, dH = -7.0254e-01, accept = 1, Q = -0.013624, S5 = -31.4074
GPT :    5397.537933 s : Trajectory 728: plaquette = 0.064140, dH = -2.7946e-01, accept = 1, Q = -0.114809, S5 = +32.9101
GPT :    5399.279584 s : Trajectory 729: plaquette = 0.072385, dH = +1.1942e+00, accept = 1, Q = +0.118235, S5 = -12.2625
GPT :    5401.166797 s : Trajectory 730: plaquette = 0.067169, dH = +5.2321e-01, accept = 1, Q = +0.024446, S5 = -9.8797
GPT :    5403.120056 s : Trajectory 731: plaquette = 0.067169, dH = +1.0553e+00, accept = 0, Q = +0.024446, S5 = -23.1702
GPT :    5404.831865 s : Trajectory 732: plaquette = 0.067992, dH = +5.2336e-01, accept = 1, Q = +0.128619, S5 = +11.5157
GPT :    5406.498238 s : Trajectory 733: plaquette = 0.062504, dH = -4.5041e-01, accept = 1, Q = +0.011659, S5 = +14.7997
GPT :    5408.218274 s : Trajectory 734: plaquette = 0.058320, dH = -1.4154e+00, accept = 1, Q = +0.053841, S5 = +4.9530
GPT :    5409.895654 s : Trajectory 735: plaquette = 0.058320, dH = +6.6603e-01, accept = 0, Q = +0.053841, S5 = +0.5966
GPT :    5411.725465 s : Trajectory 736: plaquette = 0.058320, dH = +1.7964e+00, accept = 0, Q = +0.053841, S5 = -5.6133
GPT :    5413.479873 s : Trajectory 737: plaquette = 0.062511, dH = +3.2073e-01, accept = 1, Q = -0.220968, S5 = +19.4342
GPT :    5415.219350 s : Trajectory 738: plaquette = 0.062511, dH = +4.6653e-01, accept = 0, Q = -0.220968, S5 = -8.1291
GPT :    5417.012602 s : Trajectory 739: plaquette = 0.062511, dH = +2.9144e-01, accept = 0, Q = -0.220968, S5 = -15.5053
GPT :    5418.677621 s : Trajectory 740: plaquette = 0.066314, dH = +8.2276e-02, accept = 1, Q = -0.020409, S5 = -6.7584
GPT :    5420.396407 s : Trajectory 741: plaquette = 0.066314, dH = +1.3930e+00, accept = 0, Q = -0.020409, S5 = -0.8085
GPT :    5422.085097 s : Trajectory 742: plaquette = 0.065253, dH = -4.8324e-01, accept = 1, Q = -0.137967, S5 = +30.7640
GPT :    5423.777259 s : Trajectory 743: plaquette = 0.051376, dH = -9.7617e-01, accept = 1, Q = +0.004611, S5 = -12.2170
GPT :    5425.461450 s : Trajectory 744: plaquette = 0.051376, dH = +7.3508e-02, accept = 0, Q = +0.004611, S5 = -39.8743
GPT :    5427.123577 s : Trajectory 745: plaquette = 0.051376, dH = +9.8028e-01, accept = 0, Q = +0.004611, S5 = -16.4094
GPT :    5428.764979 s : Trajectory 746: plaquette = 0.051376, dH = +6.8923e-01, accept = 0, Q = +0.004611, S5 = +21.0598
GPT :    5430.408365 s : Trajectory 747: plaquette = 0.067637, dH = -4.4665e-03, accept = 1, Q = +0.153029, S5 = -12.8448
GPT :    5432.065710 s : Trajectory 748: plaquette = 0.067637, dH = +1.5188e+00, accept = 0, Q = +0.153029, S5 = +7.2780
GPT :    5433.711650 s : Trajectory 749: plaquette = 0.067637, dH = +5.6135e-01, accept = 0, Q = +0.153029, S5 = +0.3224
GPT :    5435.372963 s : Trajectory 750: plaquette = 0.069417, dH = +5.8038e-01, accept = 1, Q = -0.015494, S5 = +62.5582
GPT :    5437.050319 s : Trajectory 751: plaquette = 0.062383, dH = -7.6706e-01, accept = 1, Q = +0.073520, S5 = -8.2512
GPT :    5438.721196 s : Trajectory 752: plaquette = 0.063394, dH = -1.8231e-01, accept = 1, Q = +0.114928, S5 = -10.8864
GPT :    5440.393711 s : Trajectory 753: plaquette = 0.066773, dH = +1.2160e-01, accept = 1, Q = -0.048398, S5 = +31.1675
GPT :    5442.051696 s : Trajectory 754: plaquette = 0.055345, dH = -3.4398e-01, accept = 1, Q = +0.155765, S5 = -11.4660
GPT :    5443.729538 s : Trajectory 755: plaquette = 0.057982, dH = +1.1652e+00, accept = 1, Q = +0.193046, S5 = +36.4550
GPT :    5445.406278 s : Trajectory 756: plaquette = 0.057982, dH = +1.3588e+00, accept = 0, Q = +0.193046, S5 = +14.6946
GPT :    5447.063768 s : Trajectory 757: plaquette = 0.072156, dH = +1.6805e-01, accept = 1, Q = -0.057707, S5 = -39.2965
GPT :    5448.748661 s : Trajectory 758: plaquette = 0.064173, dH = -1.4170e-01, accept = 1, Q = +0.007809, S5 = -19.5003
GPT :    5450.446054 s : Trajectory 759: plaquette = 0.057714, dH = +5.0550e-02, accept = 1, Q = -0.109633, S5 = +17.5611
GPT :    5452.112409 s : Trajectory 760: plaquette = 0.074865, dH = -7.7494e-01, accept = 1, Q = +0.020460, S5 = +56.9684
GPT :    5453.758220 s : Trajectory 761: plaquette = 0.062992, dH = +5.2022e-01, accept = 1, Q = +0.055987, S5 = -4.2380
GPT :    5455.416348 s : Trajectory 762: plaquette = 0.070523, dH = +6.8730e-01, accept = 1, Q = -0.135400, S5 = -59.5049
GPT :    5457.086896 s : Trajectory 763: plaquette = 0.070523, dH = +7.7646e-01, accept = 0, Q = -0.135400, S5 = -15.2985
GPT :    5458.753687 s : Trajectory 764: plaquette = 0.070523, dH = +1.0254e+00, accept = 0, Q = -0.135400, S5 = +23.9117
GPT :    5460.435126 s : Trajectory 765: plaquette = 0.070523, dH = +4.7460e-01, accept = 0, Q = -0.135400, S5 = +0.9020
GPT :    5462.094961 s : Trajectory 766: plaquette = 0.062472, dH = +2.0537e-01, accept = 1, Q = -0.022677, S5 = -12.8638
GPT :    5463.750316 s : Trajectory 767: plaquette = 0.060371, dH = +8.2128e-01, accept = 1, Q = +0.029529, S5 = +7.0609
GPT :    5465.394286 s : Trajectory 768: plaquette = 0.052992, dH = -5.3448e-01, accept = 1, Q = +0.024974, S5 = +18.4929
GPT :    5467.041836 s : Trajectory 769: plaquette = 0.055735, dH = -3.4128e-01, accept = 1, Q = +0.106543, S5 = -17.0032
GPT :    5468.693679 s : Trajectory 770: plaquette = 0.055735, dH = +6.2422e-01, accept = 0, Q = +0.106543, S5 = +2.0573
GPT :    5470.342224 s : Trajectory 771: plaquette = 0.055735, dH = +7.9902e-01, accept = 0, Q = +0.106543, S5 = +27.9488
GPT :    5471.989288 s : Trajectory 772: plaquette = 0.061660, dH = -4.2208e-01, accept = 1, Q = -0.053140, S5 = -21.9622
GPT :    5473.643996 s : Trajectory 773: plaquette = 0.057815, dH = -7.3651e-01, accept = 1, Q = -0.153449, S5 = -18.8205
GPT :    5475.305272 s : Trajectory 774: plaquette = 0.060685, dH = -4.8341e-01, accept = 1, Q = +0.122798, S5 = -25.3667
GPT :    5476.962953 s : Trajectory 775: plaquette = 0.052772, dH = -8.8645e-01, accept = 1, Q = -0.162057, S5 = +13.1479
GPT :    5478.630072 s : Trajectory 776: plaquette = 0.052772, dH = +8.8092e-01, accept = 0, Q = -0.162057, S5 = +0.5634
GPT :    5480.305666 s : Trajectory 777: plaquette = 0.052772, dH = +3.9894e-01, accept = 0, Q = -0.162057, S5 = +3.9203
GPT :    5481.980747 s : Trajectory 778: plaquette = 0.052772, dH = +7.6436e-01, accept = 0, Q = -0.162057, S5 = +6.8251
GPT :    5483.651187 s : Trajectory 779: plaquette = 0.065884, dH = -1.3053e+00, accept = 1, Q = -0.012541, S5 = -16.7601
GPT :    5485.292466 s : Trajectory 780: plaquette = 0.059266, dH = -4.0504e-01, accept = 1, Q = -0.020419, S5 = -25.7234
GPT :    5486.939910 s : Trajectory 781: plaquette = 0.055482, dH = +8.8706e-01, accept = 1, Q = -0.052082, S5 = +10.0815
GPT :    5488.632220 s : Trajectory 782: plaquette = 0.055482, dH = +4.6949e-01, accept = 0, Q = -0.052082, S5 = +21.6639
GPT :    5490.310773 s : Trajectory 783: plaquette = 0.055308, dH = -1.0317e+00, accept = 1, Q = +0.096791, S5 = +4.6710
GPT :    5491.990689 s : Trajectory 784: plaquette = 0.060938, dH = -4.8089e-01, accept = 1, Q = +0.137129, S5 = +40.7425
GPT :    5493.671964 s : Trajectory 785: plaquette = 0.055166, dH = +8.0928e-01, accept = 1, Q = -0.040363, S5 = +3.1466
GPT :    5495.335168 s : Trajectory 786: plaquette = 0.046597, dH = -2.5503e-02, accept = 1, Q = -0.036425, S5 = -6.6825
GPT :    5497.006810 s : Trajectory 787: plaquette = 0.062446, dH = +4.1771e-02, accept = 1, Q = +0.034513, S5 = -12.0163
GPT :    5498.658197 s : Trajectory 788: plaquette = 0.061243, dH = -1.0799e-01, accept = 1, Q = +0.106028, S5 = -0.6437
GPT :    5500.304032 s : Trajectory 789: plaquette = 0.051205, dH = +1.8607e-01, accept = 1, Q = +0.065811, S5 = +28.2846
GPT :    5501.956032 s : Trajectory 790: plaquette = 0.061569, dH = -1.2558e+00, accept = 1, Q = +0.047999, S5 = -60.4092
GPT :    5503.615843 s : Trajectory 791: plaquette = 0.061569, dH = +8.0885e-01, accept = 0, Q = +0.047999, S5 = -10.2572
GPT :    5505.281326 s : Trajectory 792: plaquette = 0.060910, dH = +2.8096e-02, accept = 1, Q = -0.093045, S5 = +6.9077
GPT :    5506.950167 s : Trajectory 793: plaquette = 0.067704, dH = -1.5738e+00, accept = 1, Q = +0.109117, S5 = +7.5073
GPT :    5508.599286 s : Trajectory 794: plaquette = 0.055227, dH = -1.1299e+00, accept = 1, Q = +0.081456, S5 = -7.0686
GPT :    5510.262002 s : Trajectory 795: plaquette = 0.054687, dH = +6.6163e-01, accept = 1, Q = +0.021782, S5 = +6.2220
GPT :    5511.920915 s : Trajectory 796: plaquette = 0.050949, dH = -7.7229e-01, accept = 1, Q = +0.143965, S5 = +1.5177
GPT :    5513.585272 s : Trajectory 797: plaquette = 0.050949, dH = +4.1764e-01, accept = 0, Q = +0.143965, S5 = +7.1183
GPT :    5515.250193 s : Trajectory 798: plaquette = 0.060900, dH = +6.1099e-01, accept = 1, Q = -0.060831, S5 = +12.3694
GPT :    5516.913814 s : Trajectory 799: plaquette = 0.058164, dH = -1.1616e-01, accept = 1, Q = +0.004075, S5 = +18.3685
GPT :    5518.559984 s : Trajectory 800: plaquette = 0.058608, dH = -1.4019e+00, accept = 1, Q = -0.060015, S5 = -31.6942
GPT :    5520.236391 s : Trajectory 801: plaquette = 0.058608, dH = +5.5486e-01, accept = 0, Q = -0.060015, S5 = -58.8197
GPT :    5521.906129 s : Trajectory 802: plaquette = 0.058608, dH = +9.9164e-01, accept = 0, Q = -0.060015, S5 = -20.6840
GPT :    5523.568725 s : Trajectory 803: plaquette = 0.061008, dH = -1.3315e-01, accept = 1, Q = +0.007732, S5 = -6.3721
GPT :    5525.220239 s : Trajectory 804: plaquette = 0.061008, dH = +1.3406e+00, accept = 0, Q = +0.007732, S5 = +15.7496
GPT :    5526.883712 s : Trajectory 805: plaquette = 0.062035, dH = +2.0634e-02, accept = 1, Q = -0.105862, S5 = -4.4822
GPT :    5528.568431 s : Trajectory 806: plaquette = 0.064472, dH = +5.5280e-02, accept = 1, Q = +0.042148, S5 = -3.8179
GPT :    5530.350690 s : Trajectory 807: plaquette = 0.064472, dH = +4.4226e-01, accept = 0, Q = +0.042148, S5 = +9.3335
GPT :    5532.031450 s : Trajectory 808: plaquette = 0.051675, dH = -1.0469e-01, accept = 1, Q = +0.015434, S5 = -3.9207
GPT :    5533.711233 s : Trajectory 809: plaquette = 0.060817, dH = +7.0756e-01, accept = 1, Q = +0.043193, S5 = -64.0397
GPT :    5535.390437 s : Trajectory 810: plaquette = 0.060817, dH = +1.1016e+00, accept = 0, Q = +0.043193, S5 = -26.8451
GPT :    5537.062433 s : Trajectory 811: plaquette = 0.053975, dH = +6.3042e-01, accept = 1, Q = +0.018285, S5 = -9.8026
GPT :    5538.744014 s : Trajectory 812: plaquette = 0.070258, dH = -7.7356e-01, accept = 1, Q = -0.149325, S5 = -1.7610
GPT :    5540.411065 s : Trajectory 813: plaquette = 0.070258, dH = +1.8126e+00, accept = 0, Q = -0.149325, S5 = +3.9681
GPT :    5542.079589 s : Trajectory 814: plaquette = 0.060223, dH = -1.4808e-01, accept = 1, Q = -0.015259, S5 = +17.6209
GPT :    5543.743071 s : Trajectory 815: plaquette = 0.060223, dH = +1.5191e+00, accept = 0, Q = -0.015259, S5 = +23.7141
GPT :    5545.434431 s : Trajectory 816: plaquette = 0.060223, dH = +6.7643e-01, accept = 0, Q = -0.015259, S5 = -23.0000
GPT :    5547.097330 s : Trajectory 817: plaquette = 0.060223, dH = +8.2605e-01, accept = 0, Q = -0.015259, S5 = +53.5980
GPT :    5548.769673 s : Trajectory 818: plaquette = 0.060223, dH = +6.1745e-01, accept = 0, Q = -0.015259, S5 = -0.4150
GPT :    5550.435534 s : Trajectory 819: plaquette = 0.059332, dH = +1.0753e+00, accept = 1, Q = -0.003398, S5 = +12.3294
GPT :    5552.124140 s : Trajectory 820: plaquette = 0.069502, dH = +2.5585e-01, accept = 1, Q = -0.124104, S5 = +31.7609
GPT :    5553.779844 s : Trajectory 821: plaquette = 0.069502, dH = +4.0792e-01, accept = 0, Q = -0.124104, S5 = -4.3948
GPT :    5555.455216 s : Trajectory 822: plaquette = 0.061792, dH = -5.6781e-01, accept = 1, Q = -0.061888, S5 = -20.2097
GPT :    5557.113891 s : Trajectory 823: plaquette = 0.066929, dH = +4.6728e-01, accept = 1, Q = -0.147378, S5 = -6.9828
GPT :    5558.794366 s : Trajectory 824: plaquette = 0.066929, dH = +1.4586e+00, accept = 0, Q = -0.147378, S5 = +3.5256
GPT :    5560.450318 s : Trajectory 825: plaquette = 0.066582, dH = +1.3633e-01, accept = 1, Q = -0.024008, S5 = -39.0926
GPT :    5562.143723 s : Trajectory 826: plaquette = 0.064914, dH = -2.5602e-01, accept = 1, Q = +0.075079, S5 = +22.2901
GPT :    5563.807679 s : Trajectory 827: plaquette = 0.061523, dH = +5.0539e-01, accept = 1, Q = -0.076217, S5 = -2.6157
GPT :    5565.468007 s : Trajectory 828: plaquette = 0.051059, dH = +6.9118e-02, accept = 1, Q = +0.148389, S5 = -43.7281
GPT :    5567.140973 s : Trajectory 829: plaquette = 0.051059, dH = +1.2300e+00, accept = 0, Q = +0.148389, S5 = -9.4797
GPT :    5568.839265 s : Trajectory 830: plaquette = 0.051059, dH = +7.7038e-01, accept = 0, Q = +0.148389, S5 = +0.0254
GPT :    5570.502534 s : Trajectory 831: plaquette = 0.074259, dH = -1.3720e-01, accept = 1, Q = -0.059177, S5 = +14.0923
GPT :    5572.250346 s : Trajectory 832: plaquette = 0.056958, dH = -1.1903e-01, accept = 1, Q = -0.054737, S5 = -12.1151
GPT :    5573.940426 s : Trajectory 833: plaquette = 0.054529, dH = -5.7565e-02, accept = 1, Q = +0.132601, S5 = -28.4391
GPT :    5575.656203 s : Trajectory 834: plaquette = 0.050802, dH = -2.9001e-01, accept = 1, Q = +0.109486, S5 = -11.7307
GPT :    5577.350993 s : Trajectory 835: plaquette = 0.062724, dH = -3.7025e-01, accept = 1, Q = +0.043306, S5 = -7.1801
GPT :    5579.011227 s : Trajectory 836: plaquette = 0.063035, dH = +1.3263e+00, accept = 1, Q = +0.022891, S5 = -17.8992
GPT :    5580.685582 s : Trajectory 837: plaquette = 0.063035, dH = +1.2048e+00, accept = 0, Q = +0.022891, S5 = +26.0953
GPT :    5582.368000 s : Trajectory 838: plaquette = 0.068443, dH = -1.9308e-01, accept = 1, Q = -0.067867, S5 = +46.1633
GPT :    5584.052660 s : Trajectory 839: plaquette = 0.068443, dH = +6.3391e-01, accept = 0, Q = -0.067867, S5 = -58.1661
GPT :    5585.709518 s : Trajectory 840: plaquette = 0.061257, dH = -3.3012e-01, accept = 1, Q = +0.144994, S5 = -16.4650
GPT :    5587.381190 s : Trajectory 841: plaquette = 0.061257, dH = +1.2196e+00, accept = 0, Q = +0.144994, S5 = +1.9706
GPT :    5589.041044 s : Trajectory 842: plaquette = 0.057082, dH = -1.2958e+00, accept = 1, Q = +0.041024, S5 = -34.9338
GPT :    5590.698978 s : Trajectory 843: plaquette = 0.057082, dH = +6.8438e-01, accept = 0, Q = +0.041024, S5 = -45.2241
GPT :    5592.367376 s : Trajectory 844: plaquette = 0.056243, dH = +3.9270e-01, accept = 1, Q = -0.147464, S5 = -16.0400
GPT :    5594.035420 s : Trajectory 845: plaquette = 0.052479, dH = +8.4652e-02, accept = 1, Q = -0.030147, S5 = -38.0805
GPT :    5595.712791 s : Trajectory 846: plaquette = 0.060058, dH = +1.0307e-01, accept = 1, Q = +0.006326, S5 = -21.8132
GPT :    5597.367287 s : Trajectory 847: plaquette = 0.060835, dH = -8.3886e-01, accept = 1, Q = +0.082027, S5 = -29.8319
GPT :    5599.071155 s : Trajectory 848: plaquette = 0.062472, dH = -7.5371e-01, accept = 1, Q = -0.004379, S5 = -26.5547
GPT :    5600.750053 s : Trajectory 849: plaquette = 0.065851, dH = +1.2361e+00, accept = 1, Q = -0.016214, S5 = +24.2196
GPT :    5602.453746 s : Trajectory 850: plaquette = 0.064183, dH = +1.5180e-01, accept = 1, Q = -0.065295, S5 = -8.2502
GPT :    5604.203315 s : Trajectory 851: plaquette = 0.064183, dH = +2.0417e-01, accept = 0, Q = -0.065295, S5 = +19.8116
GPT :    5605.857251 s : Trajectory 852: plaquette = 0.064183, dH = +1.4332e+00, accept = 0, Q = -0.065295, S5 = +6.8677
GPT :    5607.534692 s : Trajectory 853: plaquette = 0.061517, dH = -1.1586e-01, accept = 1, Q = +0.076368, S5 = -15.5661
GPT :    5609.208180 s : Trajectory 854: plaquette = 0.067956, dH = -2.9501e-01, accept = 1, Q = +0.205529, S5 = -12.9898
GPT :    5610.901341 s : Trajectory 855: plaquette = 0.067956, dH = +1.5723e+00, accept = 0, Q = +0.205529, S5 = -17.6145
GPT :    5612.587574 s : Trajectory 856: plaquette = 0.057117, dH = +1.2160e+00, accept = 1, Q = -0.106329, S5 = +46.1984
GPT :    5614.270453 s : Trajectory 857: plaquette = 0.066727, dH = +3.4917e-01, accept = 1, Q = -0.029645, S5 = +10.4334
GPT :    5615.974358 s : Trajectory 858: plaquette = 0.048174, dH = +4.0573e-01, accept = 1, Q = -0.052004, S5 = +24.0663
GPT :    5617.675006 s : Trajectory 859: plaquette = 0.055367, dH = -4.6704e-01, accept = 1, Q = -0.123629, S5 = +17.0863
GPT :    5619.409137 s : Trajectory 860: plaquette = 0.062104, dH = -5.4763e-01, accept = 1, Q = -0.026803, S5 = -41.4513
GPT :    5621.144465 s : Trajectory 861: plaquette = 0.059424, dH = +8.6936e-02, accept = 1, Q = +0.073146, S5 = -17.0599
GPT :    5622.831398 s : Trajectory 862: plaquette = 0.058455, dH = -3.7472e-02, accept = 1, Q = -0.053247, S5 = -0.9698
GPT :    5624.515126 s : Trajectory 863: plaquette = 0.057700, dH = +5.6720e-01, accept = 1, Q = -0.099380, S5 = +13.6490
GPT :    5626.188940 s : Trajectory 864: plaquette = 0.057700, dH = +1.1370e+00, accept = 0, Q = -0.099380, S5 = -17.3277
GPT :    5627.877830 s : Trajectory 865: plaquette = 0.062006, dH = +5.3042e-01, accept = 1, Q = -0.033288, S5 = +2.1916
GPT :    5629.552278 s : Trajectory 866: plaquette = 0.067314, dH = -6.8432e-01, accept = 1, Q = -0.054499, S5 = +3.4312
GPT :    5631.316079 s : Trajectory 867: plaquette = 0.067314, dH = +1.5829e+00, accept = 0, Q = -0.054499, S5 = -5.5307
GPT :    5633.012697 s : Trajectory 868: plaquette = 0.066086, dH = -5.4099e-01, accept = 1, Q = +0.202067, S5 = +0.9970
GPT :    5634.686962 s : Trajectory 869: plaquette = 0.057423, dH = -1.4432e-01, accept = 1, Q = +0.052617, S5 = +4.7391
GPT :    5636.362102 s : Trajectory 870: plaquette = 0.051151, dH = -4.5504e-01, accept = 1, Q = +0.070095, S5 = -23.8312
GPT :    5638.051197 s : Trajectory 871: plaquette = 0.045066, dH = -1.5089e-02, accept = 1, Q = +0.043519, S5 = +10.5511
GPT :    5639.725150 s : Trajectory 872: plaquette = 0.052421, dH = -4.9735e-01, accept = 1, Q = -0.044848, S5 = +29.3445
GPT :    5641.442411 s : Trajectory 873: plaquette = 0.055409, dH = -6.5776e-03, accept = 1, Q = +0.106921, S5 = +16.2319
GPT :    5643.155711 s : Trajectory 874: plaquette = 0.055409, dH = +1.3588e+00, accept = 0, Q = +0.106921, S5 = +29.7234
GPT :    5644.904862 s : Trajectory 875: plaquette = 0.054837, dH = -1.3389e-01, accept = 1, Q = +0.038522, S5 = -2.9021
GPT :    5646.672568 s : Trajectory 876: plaquette = 0.055920, dH = -4.0586e-02, accept = 1, Q = +0.056053, S5 = -0.8856
GPT :    5648.475257 s : Trajectory 877: plaquette = 0.063602, dH = +1.6800e-01, accept = 1, Q = +0.060484, S5 = -11.4933
GPT :    5650.181118 s : Trajectory 878: plaquette = 0.051086, dH = +1.8854e-03, accept = 1, Q = +0.047139, S5 = +16.0515
GPT :    5651.868535 s : Trajectory 879: plaquette = 0.045790, dH = -1.0642e+00, accept = 1, Q = +0.031639, S5 = -28.2945
GPT :    5653.606572 s : Trajectory 880: plaquette = 0.057969, dH = +3.1976e-01, accept = 1, Q = -0.154197, S5 = +39.0097
GPT :    5655.309808 s : Trajectory 881: plaquette = 0.063403, dH = -6.6258e-01, accept = 1, Q = -0.083492, S5 = -22.3879
GPT :    5656.990166 s : Trajectory 882: plaquette = 0.063403, dH = +1.4173e+00, accept = 0, Q = -0.083492, S5 = -59.4873
GPT :    5658.678222 s : Trajectory 883: plaquette = 0.054289, dH = +1.5277e-02, accept = 1, Q = -0.072517, S5 = -31.6546
GPT :    5660.387592 s : Trajectory 884: plaquette = 0.062114, dH = +2.4141e-01, accept = 1, Q = -0.092261, S5 = -6.7813
GPT :    5662.092410 s : Trajectory 885: plaquette = 0.059966, dH = +4.1501e-01, accept = 1, Q = +0.104680, S5 = +44.9318
GPT :    5663.764692 s : Trajectory 886: plaquette = 0.053405, dH = -3.9658e-01, accept = 1, Q = -0.048739, S5 = +8.5568
GPT :    5665.440660 s : Trajectory 887: plaquette = 0.056911, dH = -6.0358e-01, accept = 1, Q = +0.013284, S5 = +8.9683
GPT :    5667.190525 s : Trajectory 888: plaquette = 0.060315, dH = +4.9993e-01, accept = 1, Q = -0.144350, S5 = +17.0433
GPT :    5668.864864 s : Trajectory 889: plaquette = 0.049920, dH = -2.3165e-01, accept = 1, Q = -0.095754, S5 = +24.0033
GPT :    5670.544800 s : Trajectory 890: plaquette = 0.049920, dH = +2.4067e-01, accept = 0, Q = -0.095754, S5 = -19.7412
GPT :    5672.231221 s : Trajectory 891: plaquette = 0.062320, dH = -8.7150e-02, accept = 1, Q = -0.013813, S5 = -3.4110
GPT :    5673.916624 s : Trajectory 892: plaquette = 0.062952, dH = +2.0984e-01, accept = 1, Q = -0.025571, S5 = +20.4825
GPT :    5675.624439 s : Trajectory 893: plaquette = 0.062896, dH = -6.6819e-01, accept = 1, Q = -0.052752, S5 = -8.5217
GPT :    5677.385614 s : Trajectory 894: plaquette = 0.056128, dH = -2.9830e-01, accept = 1, Q = -0.081904, S5 = +13.9253
GPT :    5679.168083 s : Trajectory 895: plaquette = 0.051690, dH = +8.9584e-01, accept = 1, Q = -0.086009, S5 = -11.1173
GPT :    5680.909032 s : Trajectory 896: plaquette = 0.056414, dH = -8.0604e-01, accept = 1, Q = +0.025059, S5 = +4.0043
GPT :    5682.634382 s : Trajectory 897: plaquette = 0.062230, dH = +1.3675e-01, accept = 1, Q = +0.038518, S5 = -22.6945
GPT :    5684.354440 s : Trajectory 898: plaquette = 0.057015, dH = +2.2498e-01, accept = 1, Q = -0.062066, S5 = -31.5131
GPT :    5686.061776 s : Trajectory 899: plaquette = 0.064457, dH = -7.8100e-01, accept = 1, Q = -0.006367, S5 = -42.8033
GPT :    5687.736090 s : Trajectory 900: plaquette = 0.068182, dH = +1.9526e-02, accept = 1, Q = +0.032560, S5 = +28.1124
GPT :    5689.416219 s : Trajectory 901: plaquette = 0.058489, dH = -1.6311e+00, accept = 1, Q = -0.019026, S5 = +4.5177
GPT :    5691.087416 s : Trajectory 902: plaquette = 0.051163, dH = -3.1261e-01, accept = 1, Q = +0.154433, S5 = -3.8894
GPT :    5692.800815 s : Trajectory 903: plaquette = 0.061496, dH = -4.0929e-01, accept = 1, Q = -0.106271, S5 = +32.2651
GPT :    5694.506909 s : Trajectory 904: plaquette = 0.062652, dH = +1.1452e+00, accept = 1, Q = +0.049861, S5 = -40.5071
GPT :    5696.189422 s : Trajectory 905: plaquette = 0.073520, dH = -8.3418e-01, accept = 1, Q = +0.142526, S5 = -7.1629
GPT :    5697.871072 s : Trajectory 906: plaquette = 0.051321, dH = +5.4952e-01, accept = 1, Q = +0.103835, S5 = +19.2619
GPT :    5699.579294 s : Trajectory 907: plaquette = 0.051321, dH = +1.4395e+00, accept = 0, Q = +0.103835, S5 = +21.3500
GPT :    5701.282273 s : Trajectory 908: plaquette = 0.061759, dH = -5.0859e-01, accept = 1, Q = -0.065655, S5 = +56.4276
GPT :    5702.997658 s : Trajectory 909: plaquette = 0.063797, dH = +9.6300e-02, accept = 1, Q = +0.106733, S5 = -4.2084
GPT :    5704.757352 s : Trajectory 910: plaquette = 0.063797, dH = +1.4274e+00, accept = 0, Q = +0.106733, S5 = -10.5291
GPT :    5706.498828 s : Trajectory 911: plaquette = 0.055343, dH = +3.2462e-01, accept = 1, Q = -0.057301, S5 = +4.6186
GPT :    5708.191626 s : Trajectory 912: plaquette = 0.055343, dH = +5.8471e-01, accept = 0, Q = -0.057301, S5 = -35.2003
GPT :    5709.910367 s : Trajectory 913: plaquette = 0.054028, dH = -1.5197e+00, accept = 1, Q = +0.111884, S5 = +12.5673
GPT :    5711.611130 s : Trajectory 914: plaquette = 0.059826, dH = +2.4525e-01, accept = 1, Q = -0.094087, S5 = +11.3407
GPT :    5713.325803 s : Trajectory 915: plaquette = 0.061039, dH = +1.2072e-01, accept = 1, Q = +0.174663, S5 = +4.8465
GPT :    5715.046997 s : Trajectory 916: plaquette = 0.058607, dH = -7.1842e-01, accept = 1, Q = -0.095559, S5 = -14.2492
GPT :    5716.754181 s : Trajectory 917: plaquette = 0.068858, dH = +7.0865e-01, accept = 1, Q = +0.015189, S5 = -62.3891
GPT :    5718.469971 s : Trajectory 918: plaquette = 0.052080, dH = -1.8249e-01, accept = 1, Q = +0.015570, S5 = +35.5400
GPT :    5720.216611 s : Trajectory 919: plaquette = 0.055615, dH = -3.5832e-01, accept = 1, Q = +0.129864, S5 = -26.7848
GPT :    5721.926515 s : Trajectory 920: plaquette = 0.055615, dH = +1.5266e+00, accept = 0, Q = +0.129864, S5 = -10.6003
GPT :    5723.599563 s : Trajectory 921: plaquette = 0.043248, dH = +2.0249e+00, accept = 1, Q = -0.034455, S5 = -2.3392
GPT :    5725.272095 s : Trajectory 922: plaquette = 0.062408, dH = -1.3262e-01, accept = 1, Q = +0.175866, S5 = +19.6811
GPT :    5726.952956 s : Trajectory 923: plaquette = 0.059478, dH = -4.0118e-01, accept = 1, Q = +0.138515, S5 = -3.6598
GPT :    5728.712419 s : Trajectory 924: plaquette = 0.066861, dH = +4.3168e-01, accept = 1, Q = +0.059798, S5 = +6.6198
GPT :    5730.399666 s : Trajectory 925: plaquette = 0.066861, dH = +9.2423e-01, accept = 0, Q = +0.059798, S5 = -35.9051
GPT :    5732.081352 s : Trajectory 926: plaquette = 0.064520, dH = +8.6280e-03, accept = 1, Q = +0.180005, S5 = -6.3495
GPT :    5733.747636 s : Trajectory 927: plaquette = 0.064520, dH = +1.1034e+00, accept = 0, Q = +0.180005, S5 = -31.5888
GPT :    5735.441069 s : Trajectory 928: plaquette = 0.070709, dH = -2.9262e-01, accept = 1, Q = -0.154558, S5 = -3.6160
GPT :    5737.161708 s : Trajectory 929: plaquette = 0.060425, dH = +1.2994e+00, accept = 1, Q = +0.008002, S5 = -22.4592
GPT :    5738.853461 s : Trajectory 930: plaquette = 0.060425, dH = +9.8973e-01, accept = 0, Q = +0.008002, S5 = +8.1066
GPT :    5740.588149 s : Trajectory 931: plaquette = 0.060425, dH = +7.6464e-01, accept = 0, Q = +0.008002, S5 = -33.3038
GPT :    5742.315103 s : Trajectory 932: plaquette = 0.060425, dH = +5.2342e-01, accept = 0, Q = +0.008002, S5 = -11.5959
GPT :    5744.004857 s : Trajectory 933: plaquette = 0.058439, dH = -7.7758e-01, accept = 1, Q = -0.171700, S5 = +34.6033
GPT :    5745.699041 s : Trajectory 934: plaquette = 0.059649, dH = +6.1700e-02, accept = 1, Q = +0.129757, S5 = -6.2528
GPT :    5747.376678 s : Trajectory 935: plaquette = 0.059649, dH = +1.0931e+00, accept = 0, Q = +0.129757, S5 = +32.0928
GPT :    5749.059187 s : Trajectory 936: plaquette = 0.059649, dH = +4.5786e-01, accept = 0, Q = +0.129757, S5 = -0.2581
GPT :    5750.747482 s : Trajectory 937: plaquette = 0.066716, dH = -3.7512e-01, accept = 1, Q = +0.095633, S5 = -10.4390
GPT :    5752.430210 s : Trajectory 938: plaquette = 0.051661, dH = -5.5057e-01, accept = 1, Q = -0.117237, S5 = +24.1524
GPT :    5754.113709 s : Trajectory 939: plaquette = 0.051661, dH = +1.0629e+00, accept = 0, Q = -0.117237, S5 = -13.1955
GPT :    5755.807589 s : Trajectory 940: plaquette = 0.067098, dH = -1.2521e+00, accept = 1, Q = +0.095945, S5 = +27.7050
GPT :    5757.503577 s : Trajectory 941: plaquette = 0.067098, dH = +2.4881e+00, accept = 0, Q = +0.095945, S5 = +19.6780
GPT :    5759.071776 s : Trajectory 942: plaquette = 0.058913, dH = -4.6261e-01, accept = 1, Q = +0.067583, S5 = -0.1797
GPT :    5760.606045 s : Trajectory 943: plaquette = 0.057252, dH = -4.8268e-01, accept = 1, Q = +0.026573, S5 = +8.5448
GPT :    5762.317820 s : Trajectory 944: plaquette = 0.057252, dH = +8.2347e-01, accept = 0, Q = +0.026573, S5 = +11.8032
GPT :    5764.066089 s : Trajectory 945: plaquette = 0.073763, dH = +1.5568e+00, accept = 1, Q = +0.172938, S5 = +8.1056
GPT :    5765.851396 s : Trajectory 946: plaquette = 0.061016, dH = +4.3752e-01, accept = 1, Q = +0.040748, S5 = +5.4248
GPT :    5767.593917 s : Trajectory 947: plaquette = 0.058498, dH = +4.4050e-01, accept = 1, Q = -0.036648, S5 = +6.0250
GPT :    5769.479008 s : Trajectory 948: plaquette = 0.062510, dH = -6.2840e-01, accept = 1, Q = +0.051371, S5 = +5.4092
GPT :    5771.260989 s : Trajectory 949: plaquette = 0.072817, dH = -9.4471e-01, accept = 1, Q = +0.315663, S5 = -4.7161
GPT :    5773.024162 s : Trajectory 950: plaquette = 0.069354, dH = -3.2858e-01, accept = 1, Q = +0.093558, S5 = -0.7955
GPT :    5774.789772 s : Trajectory 951: plaquette = 0.064531, dH = +5.1516e-01, accept = 1, Q = +0.103143, S5 = +10.1414
GPT :    5776.525431 s : Trajectory 952: plaquette = 0.050887, dH = +1.6282e-01, accept = 1, Q = +0.188687, S5 = -8.7257
GPT :    5778.340075 s : Trajectory 953: plaquette = 0.062156, dH = +3.6850e-01, accept = 1, Q = +0.001452, S5 = -9.0197
GPT :    5780.248677 s : Trajectory 954: plaquette = 0.064755, dH = +1.8519e-01, accept = 1, Q = -0.009880, S5 = +40.6679
GPT :    5782.039790 s : Trajectory 955: plaquette = 0.064755, dH = +5.8193e-01, accept = 0, Q = -0.009880, S5 = -32.0133
GPT :    5783.819551 s : Trajectory 956: plaquette = 0.066344, dH = -1.7966e+00, accept = 1, Q = +0.055020, S5 = +0.7523
GPT :    5785.631565 s : Trajectory 957: plaquette = 0.066344, dH = +1.6734e+00, accept = 0, Q = +0.055020, S5 = -8.3818
GPT :    5787.484756 s : Trajectory 958: plaquette = 0.066344, dH = +9.6493e-01, accept = 0, Q = +0.055020, S5 = +1.4050
GPT :    5789.247642 s : Trajectory 959: plaquette = 0.068544, dH = -5.1460e-01, accept = 1, Q = -0.066650, S5 = +13.6617
GPT :    5791.028415 s : Trajectory 960: plaquette = 0.059336, dH = -6.3354e-01, accept = 1, Q = -0.015684, S5 = +2.6863
GPT :    5792.833653 s : Trajectory 961: plaquette = 0.060053, dH = -1.3635e-01, accept = 1, Q = -0.035065, S5 = +25.8885
GPT :    5794.584173 s : Trajectory 962: plaquette = 0.062306, dH = -2.1314e-01, accept = 1, Q = +0.042732, S5 = -21.4222
GPT :    5796.410791 s : Trajectory 963: plaquette = 0.051760, dH = -7.6389e-03, accept = 1, Q = +0.080741, S5 = +30.9298
GPT :    5798.184047 s : Trajectory 964: plaquette = 0.051760, dH = +1.2222e+00, accept = 0, Q = +0.080741, S5 = +27.9039
GPT :    5799.947307 s : Trajectory 965: plaquette = 0.071688, dH = -5.0176e-01, accept = 1, Q = +0.039614, S5 = -5.7035
GPT :    5801.709998 s : Trajectory 966: plaquette = 0.074162, dH = +3.0734e-01, accept = 1, Q = -0.015560, S5 = +37.8973
GPT :    5803.466841 s : Trajectory 967: plaquette = 0.074162, dH = +8.4895e-01, accept = 0, Q = -0.015560, S5 = +3.5270
GPT :    5805.227632 s : Trajectory 968: plaquette = 0.074162, dH = +1.0448e+00, accept = 0, Q = -0.015560, S5 = +12.2200
GPT :    5807.023508 s : Trajectory 969: plaquette = 0.074162, dH = +7.8992e-01, accept = 0, Q = -0.015560, S5 = -4.7840
GPT :    5808.817774 s : Trajectory 970: plaquette = 0.074162, dH = +7.0963e-01, accept = 0, Q = -0.015560, S5 = -22.9547
GPT :    5810.673102 s : Trajectory 971: plaquette = 0.073958, dH = -1.9086e-01, accept = 1, Q = +0.045849, S5 = -47.4982
GPT :    5812.499014 s : Trajectory 972: plaquette = 0.052998, dH = +1.4062e+00, accept = 1, Q = -0.025661, S5 = -3.7941
GPT :    5814.277023 s : Trajectory 973: plaquette = 0.066201, dH = +2.7668e-01, accept = 1, Q = +0.002833, S5 = +34.1717
GPT :    5816.102457 s : Trajectory 974: plaquette = 0.059420, dH = +5.4751e-01, accept = 1, Q = +0.050768, S5 = -20.4370
GPT :    5817.939129 s : Trajectory 975: plaquette = 0.065167, dH = -8.4893e-01, accept = 1, Q = -0.133963, S5 = -7.9140
GPT :    5819.734081 s : Trajectory 976: plaquette = 0.065167, dH = +3.9874e-01, accept = 0, Q = -0.133963, S5 = -1.6834
GPT :    5821.542499 s : Trajectory 977: plaquette = 0.061080, dH = -1.6815e-01, accept = 1, Q = -0.085187, S5 = -4.2821
GPT :    5823.342215 s : Trajectory 978: plaquette = 0.071920, dH = -3.8046e-02, accept = 1, Q = +0.181766, S5 = -26.1134
GPT :    5825.085676 s : Trajectory 979: plaquette = 0.071920, dH = +9.7347e-01, accept = 0, Q = +0.181766, S5 = +6.1803
GPT :    5826.887983 s : Trajectory 980: plaquette = 0.064544, dH = +9.4988e-01, accept = 1, Q = -0.092946, S5 = +21.9624
GPT :    5828.733666 s : Trajectory 981: plaquette = 0.051763, dH = -7.2384e-01, accept = 1, Q = +0.006524, S5 = +6.1394
GPT :    5830.570795 s : Trajectory 982: plaquette = 0.062286, dH = -1.0393e-01, accept = 1, Q = -0.110191, S5 = -9.9068
GPT :    5832.367248 s : Trajectory 983: plaquette = 0.067135, dH = +1.6192e-01, accept = 1, Q = +0.135579, S5 = -47.8660
GPT :    5834.154157 s : Trajectory 984: plaquette = 0.059698, dH = +2.2104e-01, accept = 1, Q = -0.110906, S5 = +12.3670
GPT :    5835.911708 s : Trajectory 985: plaquette = 0.062907, dH = +1.0041e-01, accept = 1, Q = +0.127081, S5 = +35.4979
GPT :    5837.624619 s : Trajectory 986: plaquette = 0.062907, dH = +9.5923e-01, accept = 0, Q = +0.127081, S5 = -21.8712
GPT :    5839.360139 s : Trajectory 987: plaquette = 0.066157, dH = -1.5181e-01, accept = 1, Q = +0.153494, S5 = +26.9954
GPT :    5841.130207 s : Trajectory 988: plaquette = 0.065656, dH = -2.0246e+00, accept = 1, Q = -0.060485, S5 = +7.0712
GPT :    5842.856368 s : Trajectory 989: plaquette = 0.053085, dH = +4.0660e-01, accept = 1, Q = -0.056933, S5 = -21.1748
GPT :    5844.569412 s : Trajectory 990: plaquette = 0.058986, dH = +4.3530e-01, accept = 1, Q = -0.006358, S5 = +20.0566
GPT :    5846.267923 s : Trajectory 991: plaquette = 0.061138, dH = -4.7704e-01, accept = 1, Q = +0.213926, S5 = -24.0555
GPT :    5847.959388 s : Trajectory 992: plaquette = 0.054278, dH = -7.4244e-01, accept = 1, Q = -0.111202, S5 = +1.4880
GPT :    5849.658273 s : Trajectory 993: plaquette = 0.054278, dH = +9.6955e-01, accept = 0, Q = -0.111202, S5 = +11.5374
GPT :    5851.344242 s : Trajectory 994: plaquette = 0.053743, dH = -4.0677e-01, accept = 1, Q = -0.064223, S5 = +5.2202
GPT :    5853.054763 s : Trajectory 995: plaquette = 0.053743, dH = +1.2677e+00, accept = 0, Q = -0.064223, S5 = -12.1151
GPT :    5854.750659 s : Trajectory 996: plaquette = 0.065311, dH = +6.1651e-01, accept = 1, Q = -0.051993, S5 = -17.0811
GPT :    5856.446123 s : Trajectory 997: plaquette = 0.049588, dH = +5.0180e-01, accept = 1, Q = -0.028435, S5 = -34.1132
GPT :    5858.141639 s : Trajectory 998: plaquette = 0.052392, dH = -6.2821e-01, accept = 1, Q = +0.006069, S5 = -5.0867
GPT :    5859.831882 s : Trajectory 999: plaquette = 0.056531, dH = +1.0897e-01, accept = 1, Q = -0.007021, S5 = -12.1751
GPT :    5859.832153 s : ======================================================================
GPT :    5859.832161 s : Trajectories        = 1000
GPT :    5859.832167 s : Wall-clock time     = 5843.0 s total, 5.84 s / trajectory
GPT :    5859.833187 s : Acceptance rate     = 0.72
GPT :    5859.833214 s : <|dH|>              = 6.2573e-01
GPT :    5859.833456 s : <plaquette>         = 0.059872 (naive err 0.000221)
GPT :    5859.833468 s : <1 - plaquette>     = 0.940128  (paper Table I convention)
=============================================
               Finalized GPT                 
=============================================
Grid : Message : 5859.666154 s : *******************************************
Grid : Message : 5859.666161 s : ******* Grid Finalize                ******
Grid : Message : 5859.666164 s : *******************************************
