SharedMemoryNone: SharedMemoryAllocate 1073741824 GPU implementation 
0SharedMemoryNone:  SharedMemoryNone.cc acceleratorAllocDevice 1073741824bytes at 0x300000000 for comms buffers 

__|__|__|__|__|__|__|__|__|__|__|__|__|__|__
__|__|__|__|__|__|__|__|__|__|__|__|__|__|__
__|_ |  |  |  |  |  |  |  |  |  |  |  | _|__
__|_                                    _|__
__|_   GGGG    RRRR    III    DDDD      _|__
__|_  G        R   R    I     D   D     _|__
__|_  G        R   R    I     D    D    _|__
__|_  G  GG    RRRR     I     D    D    _|__
__|_  G   G    R  R     I     D   D     _|__
__|_   GGGG    R   R   III    DDDD      _|__
__|_                                    _|__
__|__|__|__|__|__|__|__|__|__|__|__|__|__|__
__|__|__|__|__|__|__|__|__|__|__|__|__|__|__
  |  |  |  |  |  |  |  |  |  |  |  |  |  |  


Copyright (C) 2015 Peter Boyle, Azusa Yamaguchi, Guido Cossu, Antonin Portelli and other authors

This program is free software; you can redistribute it and/or modify
it under the terms of the GNU General Public License as published by
the Free Software Foundation; either version 2 of the License, or
(at your option) any later version.

This program is distributed in the hope that it will be useful,
but WITHOUT ANY WARRANTY; without even the implied warranty of
MERCHANTABILITY or FITNESS FOR A PARTICULAR PURPOSE.  See the
GNU General Public License for more details.
Current Grid git commit hash=e138258129faed5cb12fc0e5bbf829f69c6a2a3d: (HEAD -> feature/gpt, origin/feature/gpt, origin/HEAD) uncommited changes

Grid : Message : ================================================ 
Grid : Message : MPI is initialised and logging filters activated 
Grid : Message : ================================================ 
Grid : Message : This rank is running on host Eriks-MacBook-Pro-7.local
Grid : Message : Requested 1073741824 byte stencil comms buffers 
Grid : Message : MemoryManager::Init() setting up
Grid : Message : MemoryManager::Init() cache pool for recent host   allocations: SMALL 8 LARGE 2 HUGE 0
Grid : Message : MemoryManager::Init() cache pool for recent device allocations: SMALL 16 LARGE 8 Huge 0
Grid : Message : MemoryManager::Init() cache pool for recent shared allocations: SMALL 16 LARGE 8 Huge 0
Grid : Message : MemoryManager::Init() Unified memory space

=============================================
              Initialized GPT                
     Copyright (C) 2020 Christoph Lehner     
=============================================
GPT :       0.207509 s : Initializing gpt.random(nambu-topo-1k,vectorized_ranlux24_389_64) took 0.000118971 s
GPT :       0.207548 s : 
                       : Nambu HMC Markov chain with topological-charge G
                       :   lattice = [4, 4, 4, 4]
                       :   beta    = 1.0
                       :   c_p     = 0.75
                       :   c_r     = 1.5
                       :   kappa   = 10.0
                       :   tau     = 2.0, MD steps = 6  (eps = 0.3333333333333333)
                       :   ntherm  = 10, ntraj = 1000
                       : 
GPT :       0.221316 s : Thermalizing 10 trajectories
GPT :      11.017037 s : Thermalized in 10.8 s: plaquette = 0.069710
GPT :      12.097437 s : Trajectory 0: plaquette = 0.055230, dH = +1.0150e-01, accept = 1, Q = -0.064097
GPT :      13.171221 s : Trajectory 1: plaquette = 0.048431, dH = +2.4196e-01, accept = 1, Q = +0.060000
GPT :      14.237559 s : Trajectory 2: plaquette = 0.063009, dH = -1.0465e+00, accept = 1, Q = -0.119756
GPT :      15.316435 s : Trajectory 3: plaquette = 0.063009, dH = +9.5925e-01, accept = 0, Q = -0.119756
GPT :      16.410945 s : Trajectory 4: plaquette = 0.050036, dH = +7.4912e-01, accept = 1, Q = -0.110791
GPT :      17.486771 s : Trajectory 5: plaquette = 0.050036, dH = +6.3739e-01, accept = 0, Q = -0.110791
GPT :      18.567999 s : Trajectory 6: plaquette = 0.050036, dH = +1.3643e+00, accept = 0, Q = -0.110791
GPT :      19.650874 s : Trajectory 7: plaquette = 0.050471, dH = +6.4135e-01, accept = 1, Q = +0.001001
GPT :      20.772796 s : Trajectory 8: plaquette = 0.049838, dH = +1.7647e+00, accept = 1, Q = -0.119285
GPT :      21.950950 s : Trajectory 9: plaquette = 0.067379, dH = +4.7831e-01, accept = 1, Q = -0.035291
GPT :      23.043097 s : Trajectory 10: plaquette = 0.061309, dH = +2.6539e+00, accept = 1, Q = -0.046183
GPT :      24.144880 s : Trajectory 11: plaquette = 0.067128, dH = -2.2152e-01, accept = 1, Q = +0.099025
GPT :      25.244562 s : Trajectory 12: plaquette = 0.053357, dH = +5.7870e-01, accept = 1, Q = -0.161475
GPT :      26.345366 s : Trajectory 13: plaquette = 0.062241, dH = +3.7188e-01, accept = 1, Q = -0.067798
GPT :      27.435516 s : Trajectory 14: plaquette = 0.067374, dH = +2.6822e-01, accept = 1, Q = +0.014047
GPT :      28.533888 s : Trajectory 15: plaquette = 0.054653, dH = +5.0920e-01, accept = 1, Q = -0.048846
GPT :      29.633720 s : Trajectory 16: plaquette = 0.054653, dH = +7.7187e-01, accept = 0, Q = -0.048846
GPT :      30.724321 s : Trajectory 17: plaquette = 0.059439, dH = +1.3644e-02, accept = 1, Q = -0.076387
GPT :      31.818267 s : Trajectory 18: plaquette = 0.067932, dH = -2.2505e-01, accept = 1, Q = +0.010004
GPT :      32.918667 s : Trajectory 19: plaquette = 0.058394, dH = -3.1459e-01, accept = 1, Q = +0.169759
GPT :      34.022705 s : Trajectory 20: plaquette = 0.057948, dH = +4.8617e-01, accept = 1, Q = -0.008633
GPT :      35.122957 s : Trajectory 21: plaquette = 0.057948, dH = +1.0470e+00, accept = 0, Q = -0.008633
GPT :      36.227795 s : Trajectory 22: plaquette = 0.057236, dH = +2.3099e-01, accept = 1, Q = -0.041231
GPT :      37.339025 s : Trajectory 23: plaquette = 0.061607, dH = -8.7921e-02, accept = 1, Q = -0.032091
GPT :      38.446689 s : Trajectory 24: plaquette = 0.067997, dH = -5.2476e-01, accept = 1, Q = +0.107688
GPT :      39.563562 s : Trajectory 25: plaquette = 0.049181, dH = +1.0930e+00, accept = 1, Q = -0.063140
GPT :      40.681198 s : Trajectory 26: plaquette = 0.047806, dH = +4.0187e-01, accept = 1, Q = -0.014165
GPT :      41.787184 s : Trajectory 27: plaquette = 0.058803, dH = +1.0612e-01, accept = 1, Q = -0.080575
GPT :      42.911262 s : Trajectory 28: plaquette = 0.068031, dH = +1.9174e-01, accept = 1, Q = -0.033615
GPT :      44.008398 s : Trajectory 29: plaquette = 0.075229, dH = -5.3108e-01, accept = 1, Q = -0.060974
GPT :      45.122359 s : Trajectory 30: plaquette = 0.075229, dH = +1.2955e+00, accept = 0, Q = -0.060974
GPT :      46.247239 s : Trajectory 31: plaquette = 0.075229, dH = +2.1203e+00, accept = 0, Q = -0.060974
GPT :      47.371352 s : Trajectory 32: plaquette = 0.075229, dH = +7.5078e-01, accept = 0, Q = -0.060974
GPT :      48.478623 s : Trajectory 33: plaquette = 0.062491, dH = +1.2868e+00, accept = 1, Q = +0.002311
GPT :      49.590953 s : Trajectory 34: plaquette = 0.058143, dH = +3.0505e-01, accept = 1, Q = -0.143998
GPT :      50.698568 s : Trajectory 35: plaquette = 0.069000, dH = -9.0922e-01, accept = 1, Q = -0.135411
GPT :      51.812382 s : Trajectory 36: plaquette = 0.072225, dH = +1.5115e-01, accept = 1, Q = +0.028414
GPT :      52.931690 s : Trajectory 37: plaquette = 0.072225, dH = +5.5825e-01, accept = 0, Q = +0.028414
GPT :      54.044998 s : Trajectory 38: plaquette = 0.072225, dH = +1.8525e+00, accept = 0, Q = +0.028414
GPT :      55.167060 s : Trajectory 39: plaquette = 0.054135, dH = -2.9959e-01, accept = 1, Q = -0.018029
GPT :      56.290632 s : Trajectory 40: plaquette = 0.047405, dH = +6.2586e-01, accept = 1, Q = +0.130234
GPT :      57.395272 s : Trajectory 41: plaquette = 0.055201, dH = -9.1712e-01, accept = 1, Q = -0.080814
GPT :      58.512833 s : Trajectory 42: plaquette = 0.056572, dH = +6.2721e-01, accept = 1, Q = -0.122717
GPT :      59.629185 s : Trajectory 43: plaquette = 0.056572, dH = +1.8072e+00, accept = 0, Q = -0.122717
GPT :      60.755516 s : Trajectory 44: plaquette = 0.063343, dH = -8.0485e-01, accept = 1, Q = -0.170796
GPT :      61.870699 s : Trajectory 45: plaquette = 0.059254, dH = -2.0795e-01, accept = 1, Q = -0.073543
GPT :      62.981723 s : Trajectory 46: plaquette = 0.073140, dH = -9.7873e-02, accept = 1, Q = -0.036981
GPT :      64.090523 s : Trajectory 47: plaquette = 0.066664, dH = +8.1971e-01, accept = 1, Q = +0.002772
GPT :      65.207548 s : Trajectory 48: plaquette = 0.061572, dH = +3.3545e-03, accept = 1, Q = -0.037407
GPT :      66.323855 s : Trajectory 49: plaquette = 0.061572, dH = +1.2464e+00, accept = 0, Q = -0.037407
GPT :      67.437307 s : Trajectory 50: plaquette = 0.054494, dH = +4.7384e-01, accept = 1, Q = -0.037200
GPT :      68.561747 s : Trajectory 51: plaquette = 0.051769, dH = +3.8576e-01, accept = 1, Q = +0.081687
GPT :      69.682214 s : Trajectory 52: plaquette = 0.034748, dH = +7.3753e-02, accept = 1, Q = +0.041846
GPT :      70.788675 s : Trajectory 53: plaquette = 0.046544, dH = +2.2893e-01, accept = 1, Q = -0.183272
GPT :      71.893026 s : Trajectory 54: plaquette = 0.057238, dH = -2.0131e-01, accept = 1, Q = +0.051898
GPT :      73.010081 s : Trajectory 55: plaquette = 0.057238, dH = +8.7541e-01, accept = 0, Q = +0.051898
GPT :      74.130643 s : Trajectory 56: plaquette = 0.056136, dH = -7.4431e-02, accept = 1, Q = +0.001488
GPT :      75.247842 s : Trajectory 57: plaquette = 0.063163, dH = -3.2346e-01, accept = 1, Q = -0.007289
GPT :      76.381965 s : Trajectory 58: plaquette = 0.062275, dH = +4.6020e-01, accept = 1, Q = +0.066076
GPT :      77.490362 s : Trajectory 59: plaquette = 0.055526, dH = +8.1192e-01, accept = 1, Q = +0.092681
GPT :      78.586610 s : Trajectory 60: plaquette = 0.058236, dH = -3.1985e-01, accept = 1, Q = +0.007848
GPT :      79.690252 s : Trajectory 61: plaquette = 0.044672, dH = +4.3686e-01, accept = 1, Q = -0.057460
GPT :      80.788960 s : Trajectory 62: plaquette = 0.054472, dH = -1.5364e-01, accept = 1, Q = -0.123610
GPT :      81.867836 s : Trajectory 63: plaquette = 0.064615, dH = +3.2203e-01, accept = 1, Q = -0.060854
GPT :      82.991726 s : Trajectory 64: plaquette = 0.064615, dH = +1.2151e+00, accept = 0, Q = -0.060854
GPT :      84.109003 s : Trajectory 65: plaquette = 0.046349, dH = +5.9576e-01, accept = 1, Q = +0.046819
GPT :      85.213263 s : Trajectory 66: plaquette = 0.047424, dH = +6.8357e-01, accept = 1, Q = +0.130917
GPT :      86.330840 s : Trajectory 67: plaquette = 0.078427, dH = -5.4053e-01, accept = 1, Q = -0.058257
GPT :      87.443705 s : Trajectory 68: plaquette = 0.078427, dH = +5.9790e-01, accept = 0, Q = -0.058257
GPT :      88.550569 s : Trajectory 69: plaquette = 0.062126, dH = +5.3598e-01, accept = 1, Q = +0.067889
GPT :      89.663182 s : Trajectory 70: plaquette = 0.064075, dH = -2.7201e-01, accept = 1, Q = -0.034117
GPT :      90.783083 s : Trajectory 71: plaquette = 0.062065, dH = -5.8025e-01, accept = 1, Q = +0.018807
GPT :      91.890808 s : Trajectory 72: plaquette = 0.052503, dH = +3.3514e-01, accept = 1, Q = -0.153538
GPT :      93.006310 s : Trajectory 73: plaquette = 0.052503, dH = +3.2949e-01, accept = 0, Q = -0.153538
GPT :      94.118874 s : Trajectory 74: plaquette = 0.054649, dH = -1.2986e-01, accept = 1, Q = -0.032112
GPT :      95.232193 s : Trajectory 75: plaquette = 0.063918, dH = -2.0013e-01, accept = 1, Q = +0.078315
GPT :      96.361861 s : Trajectory 76: plaquette = 0.069352, dH = +3.6429e-01, accept = 1, Q = +0.107628
GPT :      97.483740 s : Trajectory 77: plaquette = 0.069352, dH = +7.4116e-01, accept = 0, Q = +0.107628
GPT :      98.618758 s : Trajectory 78: plaquette = 0.047267, dH = -1.2583e-01, accept = 1, Q = +0.132704
GPT :      99.741343 s : Trajectory 79: plaquette = 0.047267, dH = +4.7604e-01, accept = 0, Q = +0.132704
GPT :     100.865981 s : Trajectory 80: plaquette = 0.047267, dH = +1.4052e+00, accept = 0, Q = +0.132704
GPT :     101.995890 s : Trajectory 81: plaquette = 0.062156, dH = +1.7703e-01, accept = 1, Q = -0.192811
GPT :     103.123280 s : Trajectory 82: plaquette = 0.055957, dH = +9.1291e-01, accept = 1, Q = +0.003356
GPT :     104.252912 s : Trajectory 83: plaquette = 0.066525, dH = -6.8891e-01, accept = 1, Q = -0.101479
GPT :     105.368125 s : Trajectory 84: plaquette = 0.066525, dH = +1.8737e+00, accept = 0, Q = -0.101479
GPT :     106.573466 s : Trajectory 85: plaquette = 0.055582, dH = +5.4807e-01, accept = 1, Q = -0.074792
GPT :     107.740985 s : Trajectory 86: plaquette = 0.052889, dH = +4.1362e-01, accept = 1, Q = -0.022770
GPT :     108.859947 s : Trajectory 87: plaquette = 0.059809, dH = +9.3013e-03, accept = 1, Q = -0.018818
GPT :     109.977311 s : Trajectory 88: plaquette = 0.070189, dH = -2.0386e-01, accept = 1, Q = +0.142681
GPT :     111.079180 s : Trajectory 89: plaquette = 0.070189, dH = +1.4627e+00, accept = 0, Q = +0.142681
GPT :     112.187414 s : Trajectory 90: plaquette = 0.070189, dH = +3.1283e-01, accept = 0, Q = +0.142681
GPT :     113.305638 s : Trajectory 91: plaquette = 0.070976, dH = -6.8951e-01, accept = 1, Q = +0.028369
GPT :     114.436962 s : Trajectory 92: plaquette = 0.070976, dH = +9.1975e-01, accept = 0, Q = +0.028369
GPT :     115.562911 s : Trajectory 93: plaquette = 0.070976, dH = +1.1889e+00, accept = 0, Q = +0.028369
GPT :     116.680212 s : Trajectory 94: plaquette = 0.070976, dH = +2.2881e+00, accept = 0, Q = +0.028369
GPT :     117.795433 s : Trajectory 95: plaquette = 0.070976, dH = +7.5094e-01, accept = 0, Q = +0.028369
GPT :     118.923224 s : Trajectory 96: plaquette = 0.069260, dH = -4.5596e-01, accept = 1, Q = -0.066156
GPT :     120.056270 s : Trajectory 97: plaquette = 0.063955, dH = -7.4913e-01, accept = 1, Q = -0.039568
GPT :     121.176789 s : Trajectory 98: plaquette = 0.063955, dH = +1.1878e+00, accept = 0, Q = -0.039568
GPT :     122.293223 s : Trajectory 99: plaquette = 0.063955, dH = +1.7080e+00, accept = 0, Q = -0.039568
GPT :     123.421058 s : Trajectory 100: plaquette = 0.056414, dH = +3.8246e-01, accept = 1, Q = -0.112832
GPT :     124.543454 s : Trajectory 101: plaquette = 0.052283, dH = -9.7054e-01, accept = 1, Q = +0.075011
GPT :     125.667979 s : Trajectory 102: plaquette = 0.055491, dH = -1.1429e+00, accept = 1, Q = -0.078637
GPT :     126.790313 s : Trajectory 103: plaquette = 0.061135, dH = -4.1552e-02, accept = 1, Q = +0.008592
GPT :     127.913756 s : Trajectory 104: plaquette = 0.061135, dH = +1.9570e+00, accept = 0, Q = +0.008592
GPT :     129.042900 s : Trajectory 105: plaquette = 0.063370, dH = -6.3207e-02, accept = 1, Q = +0.085299
GPT :     130.158094 s : Trajectory 106: plaquette = 0.056413, dH = -1.3201e-01, accept = 1, Q = -0.109649
GPT :     131.274478 s : Trajectory 107: plaquette = 0.062375, dH = -5.7609e-02, accept = 1, Q = -0.143720
GPT :     132.398671 s : Trajectory 108: plaquette = 0.054035, dH = -1.5123e-01, accept = 1, Q = +0.001052
GPT :     133.514620 s : Trajectory 109: plaquette = 0.072227, dH = -6.7658e-01, accept = 1, Q = +0.100524
GPT :     134.635782 s : Trajectory 110: plaquette = 0.061079, dH = +4.0147e-03, accept = 1, Q = -0.023722
GPT :     135.764668 s : Trajectory 111: plaquette = 0.066335, dH = -3.2885e-01, accept = 1, Q = -0.090981
GPT :     136.877827 s : Trajectory 112: plaquette = 0.059487, dH = +6.7131e-01, accept = 1, Q = +0.182870
GPT :     137.996904 s : Trajectory 113: plaquette = 0.056030, dH = -1.7059e+00, accept = 1, Q = -0.143496
GPT :     139.117896 s : Trajectory 114: plaquette = 0.065760, dH = -1.0557e-01, accept = 1, Q = +0.173283
GPT :     140.245916 s : Trajectory 115: plaquette = 0.048090, dH = +1.4802e+00, accept = 1, Q = +0.084310
GPT :     141.360751 s : Trajectory 116: plaquette = 0.061259, dH = +7.7781e-01, accept = 1, Q = -0.121952
GPT :     142.485989 s : Trajectory 117: plaquette = 0.052027, dH = -2.8692e-02, accept = 1, Q = +0.040558
GPT :     143.594132 s : Trajectory 118: plaquette = 0.064105, dH = +5.9683e-01, accept = 1, Q = +0.057192
GPT :     144.715034 s : Trajectory 119: plaquette = 0.057795, dH = -1.4962e+00, accept = 1, Q = +0.114983
GPT :     145.834726 s : Trajectory 120: plaquette = 0.070323, dH = +5.8374e-01, accept = 1, Q = -0.107996
GPT :     146.946371 s : Trajectory 121: plaquette = 0.070323, dH = +1.4805e+00, accept = 0, Q = -0.107996
GPT :     148.062625 s : Trajectory 122: plaquette = 0.070323, dH = +1.4751e+00, accept = 0, Q = -0.107996
GPT :     149.174818 s : Trajectory 123: plaquette = 0.064209, dH = +1.3049e+00, accept = 1, Q = -0.057429
GPT :     150.288688 s : Trajectory 124: plaquette = 0.064209, dH = +4.9575e-01, accept = 0, Q = -0.057429
GPT :     151.417925 s : Trajectory 125: plaquette = 0.064209, dH = +5.5417e-01, accept = 0, Q = -0.057429
GPT :     152.545445 s : Trajectory 126: plaquette = 0.064209, dH = +1.4610e+00, accept = 0, Q = -0.057429
GPT :     153.666920 s : Trajectory 127: plaquette = 0.061644, dH = +1.6002e+00, accept = 1, Q = -0.056719
GPT :     154.790208 s : Trajectory 128: plaquette = 0.057578, dH = +3.5094e-01, accept = 1, Q = -0.090201
GPT :     155.903220 s : Trajectory 129: plaquette = 0.060507, dH = +4.2815e-02, accept = 1, Q = +0.031551
GPT :     157.019855 s : Trajectory 130: plaquette = 0.060507, dH = +2.1053e+00, accept = 0, Q = +0.031551
GPT :     158.132635 s : Trajectory 131: plaquette = 0.064546, dH = +2.4229e-01, accept = 1, Q = -0.073984
GPT :     159.262171 s : Trajectory 132: plaquette = 0.056377, dH = +1.3601e+00, accept = 1, Q = +0.182105
GPT :     160.396151 s : Trajectory 133: plaquette = 0.072842, dH = -1.3996e+00, accept = 1, Q = -0.088685
GPT :     161.508314 s : Trajectory 134: plaquette = 0.072842, dH = +1.2330e+00, accept = 0, Q = -0.088685
GPT :     162.634348 s : Trajectory 135: plaquette = 0.072842, dH = +6.9688e-01, accept = 0, Q = -0.088685
GPT :     163.761878 s : Trajectory 136: plaquette = 0.052025, dH = +1.1509e+00, accept = 1, Q = -0.008506
GPT :     164.877424 s : Trajectory 137: plaquette = 0.052025, dH = +3.9363e-01, accept = 0, Q = -0.008506
GPT :     165.992123 s : Trajectory 138: plaquette = 0.057960, dH = -8.3224e-02, accept = 1, Q = +0.098691
GPT :     167.116398 s : Trajectory 139: plaquette = 0.062540, dH = +3.9120e-01, accept = 1, Q = +0.069672
GPT :     168.237127 s : Trajectory 140: plaquette = 0.052110, dH = +6.4719e-01, accept = 1, Q = +0.204251
GPT :     169.380167 s : Trajectory 141: plaquette = 0.045845, dH = +3.8559e-01, accept = 1, Q = +0.018007
GPT :     170.505316 s : Trajectory 142: plaquette = 0.062636, dH = -2.3522e+00, accept = 1, Q = +0.073280
GPT :     171.633522 s : Trajectory 143: plaquette = 0.051103, dH = +5.3485e-01, accept = 1, Q = +0.074377
GPT :     172.754634 s : Trajectory 144: plaquette = 0.048262, dH = +9.9569e-03, accept = 1, Q = +0.165457
GPT :     173.875423 s : Trajectory 145: plaquette = 0.050789, dH = +4.5011e-02, accept = 1, Q = -0.133592
GPT :     174.989330 s : Trajectory 146: plaquette = 0.053246, dH = +3.6883e-01, accept = 1, Q = +0.078861
GPT :     176.110937 s : Trajectory 147: plaquette = 0.067152, dH = -8.1855e-01, accept = 1, Q = -0.090835
GPT :     177.225198 s : Trajectory 148: plaquette = 0.057428, dH = +3.1240e-01, accept = 1, Q = +0.052517
GPT :     178.337334 s : Trajectory 149: plaquette = 0.057428, dH = +1.0732e+00, accept = 0, Q = +0.052517
GPT :     179.448041 s : Trajectory 150: plaquette = 0.055422, dH = -1.2735e-01, accept = 1, Q = +0.017762
GPT :     180.557120 s : Trajectory 151: plaquette = 0.064481, dH = -3.9024e-01, accept = 1, Q = -0.053351
GPT :     181.663419 s : Trajectory 152: plaquette = 0.064481, dH = +7.9995e-01, accept = 0, Q = -0.053351
GPT :     182.771339 s : Trajectory 153: plaquette = 0.055462, dH = -1.5289e-02, accept = 1, Q = +0.052560
GPT :     183.881519 s : Trajectory 154: plaquette = 0.055404, dH = -7.4028e-01, accept = 1, Q = -0.043033
GPT :     184.985965 s : Trajectory 155: plaquette = 0.055404, dH = +5.1699e-01, accept = 0, Q = -0.043033
GPT :     186.097395 s : Trajectory 156: plaquette = 0.059360, dH = +4.0860e-01, accept = 1, Q = -0.043797
GPT :     187.218033 s : Trajectory 157: plaquette = 0.046814, dH = -5.8339e-01, accept = 1, Q = +0.049275
GPT :     188.320403 s : Trajectory 158: plaquette = 0.046013, dH = +7.3945e-01, accept = 1, Q = +0.158387
GPT :     189.434822 s : Trajectory 159: plaquette = 0.046013, dH = +6.2888e-01, accept = 0, Q = +0.158387
GPT :     190.552001 s : Trajectory 160: plaquette = 0.061146, dH = -1.1735e+00, accept = 1, Q = +0.047953
GPT :     191.665914 s : Trajectory 161: plaquette = 0.054002, dH = -1.0348e+00, accept = 1, Q = -0.151032
GPT :     192.778682 s : Trajectory 162: plaquette = 0.059925, dH = +2.6377e-01, accept = 1, Q = -0.008809
GPT :     193.908565 s : Trajectory 163: plaquette = 0.059925, dH = +7.3162e-01, accept = 0, Q = -0.008809
GPT :     195.030317 s : Trajectory 164: plaquette = 0.059925, dH = +7.8274e-01, accept = 0, Q = -0.008809
GPT :     196.147275 s : Trajectory 165: plaquette = 0.058775, dH = +1.5869e-01, accept = 1, Q = -0.110733
GPT :     197.258143 s : Trajectory 166: plaquette = 0.058775, dH = +6.0666e-01, accept = 0, Q = -0.110733
GPT :     198.360721 s : Trajectory 167: plaquette = 0.049813, dH = +3.3411e-01, accept = 1, Q = -0.068910
GPT :     199.472224 s : Trajectory 168: plaquette = 0.055359, dH = -2.8288e-01, accept = 1, Q = -0.110940
GPT :     200.584824 s : Trajectory 169: plaquette = 0.061852, dH = +1.6028e-01, accept = 1, Q = -0.081528
GPT :     201.701387 s : Trajectory 170: plaquette = 0.067799, dH = -1.1142e+00, accept = 1, Q = +0.125557
GPT :     202.833487 s : Trajectory 171: plaquette = 0.058417, dH = +4.2655e-01, accept = 1, Q = -0.048903
GPT :     203.963442 s : Trajectory 172: plaquette = 0.050222, dH = -9.0550e-01, accept = 1, Q = +0.035948
GPT :     205.091386 s : Trajectory 173: plaquette = 0.042609, dH = +3.3074e-01, accept = 1, Q = +0.031613
GPT :     206.234819 s : Trajectory 174: plaquette = 0.061011, dH = -1.9892e-01, accept = 1, Q = -0.031021
GPT :     207.359661 s : Trajectory 175: plaquette = 0.049716, dH = +1.3007e+00, accept = 1, Q = +0.082212
GPT :     208.487218 s : Trajectory 176: plaquette = 0.057167, dH = -4.0936e-01, accept = 1, Q = -0.211082
GPT :     209.606346 s : Trajectory 177: plaquette = 0.048228, dH = +6.1854e-01, accept = 1, Q = +0.137003
GPT :     210.736642 s : Trajectory 178: plaquette = 0.048228, dH = +9.1760e-01, accept = 0, Q = +0.137003
GPT :     211.857698 s : Trajectory 179: plaquette = 0.059157, dH = +4.9197e-01, accept = 1, Q = +0.115203
GPT :     212.982089 s : Trajectory 180: plaquette = 0.059157, dH = +8.0878e-01, accept = 0, Q = +0.115203
GPT :     214.097683 s : Trajectory 181: plaquette = 0.059157, dH = +1.1568e+00, accept = 0, Q = +0.115203
GPT :     215.218445 s : Trajectory 182: plaquette = 0.050636, dH = +1.5734e-01, accept = 1, Q = -0.120072
GPT :     216.330265 s : Trajectory 183: plaquette = 0.050636, dH = +1.4246e+00, accept = 0, Q = -0.120072
GPT :     217.438930 s : Trajectory 184: plaquette = 0.050636, dH = +5.3960e-01, accept = 0, Q = -0.120072
GPT :     218.557438 s : Trajectory 185: plaquette = 0.060169, dH = -1.3316e+00, accept = 1, Q = -0.015720
GPT :     219.669499 s : Trajectory 186: plaquette = 0.059772, dH = -2.7566e-01, accept = 1, Q = -0.118219
GPT :     220.790546 s : Trajectory 187: plaquette = 0.053792, dH = -3.9349e-02, accept = 1, Q = +0.066542
GPT :     221.896447 s : Trajectory 188: plaquette = 0.053806, dH = +8.4114e-01, accept = 1, Q = -0.032266
GPT :     223.020138 s : Trajectory 189: plaquette = 0.060916, dH = +2.6027e-01, accept = 1, Q = -0.053067
GPT :     224.155148 s : Trajectory 190: plaquette = 0.058318, dH = -5.7517e-01, accept = 1, Q = -0.048091
GPT :     225.288882 s : Trajectory 191: plaquette = 0.058318, dH = +4.1443e-01, accept = 0, Q = -0.048091
GPT :     226.447084 s : Trajectory 192: plaquette = 0.073668, dH = -1.2086e+00, accept = 1, Q = -0.149993
GPT :     227.610051 s : Trajectory 193: plaquette = 0.063153, dH = +4.5995e-01, accept = 1, Q = -0.124700
GPT :     228.756624 s : Trajectory 194: plaquette = 0.055804, dH = +1.1494e+00, accept = 1, Q = +0.037847
GPT :     229.907806 s : Trajectory 195: plaquette = 0.053588, dH = -2.1911e-02, accept = 1, Q = +0.008377
GPT :     231.067455 s : Trajectory 196: plaquette = 0.072822, dH = +1.9533e-01, accept = 1, Q = -0.114853
GPT :     232.215204 s : Trajectory 197: plaquette = 0.066048, dH = +3.8067e-01, accept = 1, Q = +0.119196
GPT :     233.358961 s : Trajectory 198: plaquette = 0.054500, dH = +5.7352e-01, accept = 1, Q = +0.120954
GPT :     234.504366 s : Trajectory 199: plaquette = 0.054500, dH = +5.1959e-01, accept = 0, Q = +0.120954
GPT :     235.649298 s : Trajectory 200: plaquette = 0.061282, dH = -4.6163e-01, accept = 1, Q = +0.129558
GPT :     236.803853 s : Trajectory 201: plaquette = 0.058762, dH = -1.0691e+00, accept = 1, Q = -0.257918
GPT :     237.956456 s : Trajectory 202: plaquette = 0.068134, dH = +2.1960e-02, accept = 1, Q = -0.067014
GPT :     239.105484 s : Trajectory 203: plaquette = 0.068134, dH = +5.3442e-01, accept = 0, Q = -0.067014
GPT :     240.245152 s : Trajectory 204: plaquette = 0.068134, dH = +1.8339e+00, accept = 0, Q = -0.067014
GPT :     241.384018 s : Trajectory 205: plaquette = 0.068134, dH = +1.4550e+00, accept = 0, Q = -0.067014
GPT :     242.524705 s : Trajectory 206: plaquette = 0.068134, dH = +4.1471e-01, accept = 0, Q = -0.067014
GPT :     243.667488 s : Trajectory 207: plaquette = 0.058500, dH = +3.4372e-01, accept = 1, Q = +0.124387
GPT :     244.816808 s : Trajectory 208: plaquette = 0.065336, dH = -7.4667e-01, accept = 1, Q = +0.027353
GPT :     245.959420 s : Trajectory 209: plaquette = 0.065336, dH = +5.2771e-01, accept = 0, Q = +0.027353
GPT :     247.088254 s : Trajectory 210: plaquette = 0.061805, dH = -2.7343e-01, accept = 1, Q = -0.000299
GPT :     248.215696 s : Trajectory 211: plaquette = 0.072226, dH = +4.5345e-01, accept = 1, Q = -0.099077
GPT :     249.341600 s : Trajectory 212: plaquette = 0.062867, dH = -8.9174e-02, accept = 1, Q = +0.045397
GPT :     250.481869 s : Trajectory 213: plaquette = 0.062867, dH = +6.7427e-01, accept = 0, Q = +0.045397
GPT :     251.621332 s : Trajectory 214: plaquette = 0.062867, dH = +5.1682e-01, accept = 0, Q = +0.045397
GPT :     252.756719 s : Trajectory 215: plaquette = 0.042708, dH = +1.0442e+00, accept = 1, Q = -0.065726
GPT :     253.898402 s : Trajectory 216: plaquette = 0.055152, dH = -3.0181e-01, accept = 1, Q = +0.095670
GPT :     255.024082 s : Trajectory 217: plaquette = 0.059933, dH = -8.8071e-01, accept = 1, Q = -0.155165
GPT :     256.145359 s : Trajectory 218: plaquette = 0.064083, dH = -9.0469e-01, accept = 1, Q = +0.027373
GPT :     257.272266 s : Trajectory 219: plaquette = 0.062623, dH = +6.1832e-01, accept = 1, Q = +0.056934
GPT :     258.396695 s : Trajectory 220: plaquette = 0.065533, dH = +1.3624e-01, accept = 1, Q = +0.091106
GPT :     259.521454 s : Trajectory 221: plaquette = 0.058432, dH = +9.2713e-01, accept = 1, Q = +0.059907
GPT :     260.654233 s : Trajectory 222: plaquette = 0.050968, dH = -4.4692e-03, accept = 1, Q = -0.076911
GPT :     261.787060 s : Trajectory 223: plaquette = 0.058950, dH = -6.2637e-02, accept = 1, Q = -0.054605
GPT :     262.912026 s : Trajectory 224: plaquette = 0.058950, dH = +8.1702e-01, accept = 0, Q = -0.054605
GPT :     264.047488 s : Trajectory 225: plaquette = 0.071444, dH = -9.3983e-01, accept = 1, Q = -0.067599
GPT :     265.177189 s : Trajectory 226: plaquette = 0.071444, dH = +1.4321e-01, accept = 0, Q = -0.067599
GPT :     266.306227 s : Trajectory 227: plaquette = 0.070805, dH = -5.5774e-01, accept = 1, Q = +0.144371
GPT :     267.427347 s : Trajectory 228: plaquette = 0.070805, dH = +7.6467e-01, accept = 0, Q = +0.144371
GPT :     268.548567 s : Trajectory 229: plaquette = 0.062572, dH = +1.0671e+00, accept = 1, Q = +0.155427
GPT :     269.675477 s : Trajectory 230: plaquette = 0.062572, dH = +1.3913e+00, accept = 0, Q = +0.155427
GPT :     270.800031 s : Trajectory 231: plaquette = 0.061395, dH = -9.7252e-03, accept = 1, Q = -0.118713
GPT :     271.925335 s : Trajectory 232: plaquette = 0.063343, dH = -5.0343e-01, accept = 1, Q = +0.029601
GPT :     273.048706 s : Trajectory 233: plaquette = 0.054127, dH = +5.8383e-02, accept = 1, Q = -0.069359
GPT :     274.177922 s : Trajectory 234: plaquette = 0.054127, dH = +4.9105e-01, accept = 0, Q = -0.069359
GPT :     275.304188 s : Trajectory 235: plaquette = 0.069549, dH = -1.0847e+00, accept = 1, Q = +0.035619
GPT :     276.424634 s : Trajectory 236: plaquette = 0.069549, dH = +1.3635e+00, accept = 0, Q = +0.035619
GPT :     277.549673 s : Trajectory 237: plaquette = 0.057422, dH = -5.6209e-01, accept = 1, Q = -0.165743
GPT :     278.667770 s : Trajectory 238: plaquette = 0.057436, dH = +8.1679e-01, accept = 1, Q = -0.019686
GPT :     279.787575 s : Trajectory 239: plaquette = 0.055433, dH = +6.5793e-01, accept = 1, Q = +0.010150
GPT :     280.899773 s : Trajectory 240: plaquette = 0.058828, dH = -1.7208e-01, accept = 1, Q = +0.038270
GPT :     282.013326 s : Trajectory 241: plaquette = 0.063023, dH = -8.2405e-01, accept = 1, Q = +0.157672
GPT :     283.142528 s : Trajectory 242: plaquette = 0.065251, dH = +6.8527e-02, accept = 1, Q = -0.058227
GPT :     284.265897 s : Trajectory 243: plaquette = 0.052175, dH = +5.4748e-01, accept = 1, Q = -0.121437
GPT :     285.383029 s : Trajectory 244: plaquette = 0.067197, dH = -1.1543e+00, accept = 1, Q = -0.116539
GPT :     286.500375 s : Trajectory 245: plaquette = 0.070396, dH = +2.1659e-01, accept = 1, Q = -0.010952
GPT :     287.615749 s : Trajectory 246: plaquette = 0.057767, dH = +6.6882e-01, accept = 1, Q = +0.068851
GPT :     288.733111 s : Trajectory 247: plaquette = 0.057767, dH = +1.1954e+00, accept = 0, Q = +0.068851
GPT :     289.853166 s : Trajectory 248: plaquette = 0.058436, dH = -1.0685e-01, accept = 1, Q = -0.041175
GPT :     290.972788 s : Trajectory 249: plaquette = 0.051983, dH = +1.9744e-02, accept = 1, Q = -0.098219
GPT :     292.087824 s : Trajectory 250: plaquette = 0.065439, dH = -7.0953e-01, accept = 1, Q = +0.079860
GPT :     293.206306 s : Trajectory 251: plaquette = 0.063877, dH = -1.3212e+00, accept = 1, Q = +0.005837
GPT :     294.319494 s : Trajectory 252: plaquette = 0.063877, dH = +1.4884e+00, accept = 0, Q = +0.005837
GPT :     295.433980 s : Trajectory 253: plaquette = 0.063877, dH = +1.6938e+00, accept = 0, Q = +0.005837
GPT :     296.553585 s : Trajectory 254: plaquette = 0.063877, dH = +1.6900e+00, accept = 0, Q = +0.005837
GPT :     297.701626 s : Trajectory 255: plaquette = 0.072799, dH = +5.5217e-01, accept = 1, Q = -0.062796
GPT :     298.820692 s : Trajectory 256: plaquette = 0.072799, dH = +1.7061e+00, accept = 0, Q = -0.062796
GPT :     299.950044 s : Trajectory 257: plaquette = 0.060650, dH = -1.0048e+00, accept = 1, Q = -0.049616
GPT :     301.067192 s : Trajectory 258: plaquette = 0.060650, dH = +8.4298e-01, accept = 0, Q = -0.049616
GPT :     302.209860 s : Trajectory 259: plaquette = 0.071980, dH = -8.2153e-01, accept = 1, Q = +0.037126
GPT :     303.368073 s : Trajectory 260: plaquette = 0.065299, dH = -5.4036e-02, accept = 1, Q = +0.207570
GPT :     304.495417 s : Trajectory 261: plaquette = 0.065299, dH = +5.4472e-01, accept = 0, Q = +0.207570
GPT :     305.615465 s : Trajectory 262: plaquette = 0.054417, dH = +3.4537e-01, accept = 1, Q = +0.093815
GPT :     306.734377 s : Trajectory 263: plaquette = 0.060298, dH = +1.0547e+00, accept = 1, Q = +0.067353
GPT :     307.849698 s : Trajectory 264: plaquette = 0.058491, dH = +2.5261e-01, accept = 1, Q = -0.145256
GPT :     308.969145 s : Trajectory 265: plaquette = 0.060318, dH = +7.1725e-01, accept = 1, Q = -0.036764
GPT :     310.090324 s : Trajectory 266: plaquette = 0.052537, dH = -5.0168e-01, accept = 1, Q = +0.000411
GPT :     311.205566 s : Trajectory 267: plaquette = 0.054317, dH = -4.4571e-01, accept = 1, Q = +0.006134
GPT :     312.329806 s : Trajectory 268: plaquette = 0.045663, dH = +3.5483e-01, accept = 1, Q = +0.084948
GPT :     313.450025 s : Trajectory 269: plaquette = 0.046037, dH = -4.5161e-01, accept = 1, Q = -0.133509
GPT :     314.569582 s : Trajectory 270: plaquette = 0.058297, dH = -4.0709e-01, accept = 1, Q = -0.047619
GPT :     315.700445 s : Trajectory 271: plaquette = 0.062622, dH = +3.6092e-01, accept = 1, Q = -0.024576
GPT :     316.828621 s : Trajectory 272: plaquette = 0.059614, dH = +3.3490e-02, accept = 1, Q = +0.004258
GPT :     317.948490 s : Trajectory 273: plaquette = 0.058334, dH = +9.6299e-02, accept = 1, Q = -0.025939
GPT :     319.062392 s : Trajectory 274: plaquette = 0.061676, dH = -1.5353e+00, accept = 1, Q = +0.099364
GPT :     320.181344 s : Trajectory 275: plaquette = 0.061676, dH = +1.0149e+00, accept = 0, Q = +0.099364
GPT :     321.307870 s : Trajectory 276: plaquette = 0.061676, dH = +9.1144e-01, accept = 0, Q = +0.099364
GPT :     322.427188 s : Trajectory 277: plaquette = 0.061676, dH = +9.2766e-01, accept = 0, Q = +0.099364
GPT :     323.558485 s : Trajectory 278: plaquette = 0.054349, dH = -6.9926e-01, accept = 1, Q = -0.169280
GPT :     324.685504 s : Trajectory 279: plaquette = 0.054349, dH = +6.3307e-01, accept = 0, Q = -0.169280
GPT :     325.802395 s : Trajectory 280: plaquette = 0.058565, dH = +9.5197e-01, accept = 1, Q = +0.125849
GPT :     326.922558 s : Trajectory 281: plaquette = 0.058565, dH = +9.4756e-01, accept = 0, Q = +0.125849
GPT :     328.057494 s : Trajectory 282: plaquette = 0.049498, dH = +4.3267e-01, accept = 1, Q = -0.033716
GPT :     329.183855 s : Trajectory 283: plaquette = 0.059488, dH = -1.2700e+00, accept = 1, Q = -0.062394
GPT :     330.320852 s : Trajectory 284: plaquette = 0.055922, dH = -3.3137e-01, accept = 1, Q = +0.087496
GPT :     331.507789 s : Trajectory 285: plaquette = 0.058466, dH = +1.4736e+00, accept = 1, Q = -0.058199
GPT :     332.626493 s : Trajectory 286: plaquette = 0.051916, dH = +6.9097e-01, accept = 1, Q = -0.077432
GPT :     333.744535 s : Trajectory 287: plaquette = 0.054168, dH = -6.3910e-01, accept = 1, Q = +0.074072
GPT :     334.878951 s : Trajectory 288: plaquette = 0.063502, dH = +3.8825e-01, accept = 1, Q = -0.035470
GPT :     335.993783 s : Trajectory 289: plaquette = 0.063502, dH = +7.6750e-01, accept = 0, Q = -0.035470
GPT :     337.127298 s : Trajectory 290: plaquette = 0.063502, dH = +1.1120e+00, accept = 0, Q = -0.035470
GPT :     338.257745 s : Trajectory 291: plaquette = 0.062721, dH = +2.6634e-01, accept = 1, Q = +0.002628
GPT :     339.390549 s : Trajectory 292: plaquette = 0.055728, dH = +4.1054e-01, accept = 1, Q = -0.070034
GPT :     340.529400 s : Trajectory 293: plaquette = 0.058524, dH = -5.0076e-01, accept = 1, Q = -0.073441
GPT :     341.655746 s : Trajectory 294: plaquette = 0.058524, dH = +1.4287e+00, accept = 0, Q = -0.073441
GPT :     342.782450 s : Trajectory 295: plaquette = 0.058524, dH = +1.1320e+00, accept = 0, Q = -0.073441
GPT :     343.921432 s : Trajectory 296: plaquette = 0.052544, dH = +4.0047e-02, accept = 1, Q = -0.044529
GPT :     345.057631 s : Trajectory 297: plaquette = 0.053928, dH = -6.8234e-01, accept = 1, Q = -0.034240
GPT :     346.185385 s : Trajectory 298: plaquette = 0.060304, dH = -8.1351e-01, accept = 1, Q = +0.062502
GPT :     347.305403 s : Trajectory 299: plaquette = 0.060974, dH = +8.5476e-04, accept = 1, Q = -0.095355
GPT :     348.428328 s : Trajectory 300: plaquette = 0.050532, dH = +8.4914e-01, accept = 1, Q = -0.105619
GPT :     349.548028 s : Trajectory 301: plaquette = 0.058942, dH = +1.3731e-01, accept = 1, Q = +0.155924
GPT :     350.668304 s : Trajectory 302: plaquette = 0.054490, dH = +9.2051e-02, accept = 1, Q = +0.038528
GPT :     351.809675 s : Trajectory 303: plaquette = 0.060088, dH = -1.8903e+00, accept = 1, Q = +0.008683
GPT :     352.943711 s : Trajectory 304: plaquette = 0.065425, dH = +6.9206e-01, accept = 1, Q = -0.013838
GPT :     354.072964 s : Trajectory 305: plaquette = 0.062009, dH = +1.1083e-01, accept = 1, Q = -0.025596
GPT :     355.199413 s : Trajectory 306: plaquette = 0.056500, dH = +6.2012e-01, accept = 1, Q = +0.037015
GPT :     356.323093 s : Trajectory 307: plaquette = 0.056500, dH = +6.3692e-01, accept = 0, Q = +0.037015
GPT :     357.455269 s : Trajectory 308: plaquette = 0.058108, dH = -2.4464e-01, accept = 1, Q = +0.043508
GPT :     358.584998 s : Trajectory 309: plaquette = 0.058108, dH = +6.3028e-01, accept = 0, Q = +0.043508
GPT :     359.719387 s : Trajectory 310: plaquette = 0.058108, dH = +9.1939e-01, accept = 0, Q = +0.043508
GPT :     360.862225 s : Trajectory 311: plaquette = 0.052108, dH = +3.7536e-01, accept = 1, Q = +0.013213
GPT :     361.989203 s : Trajectory 312: plaquette = 0.056895, dH = +8.4717e-01, accept = 1, Q = -0.052550
GPT :     363.121227 s : Trajectory 313: plaquette = 0.050611, dH = +2.5377e-01, accept = 1, Q = +0.031329
GPT :     364.240142 s : Trajectory 314: plaquette = 0.051291, dH = +7.5141e-01, accept = 1, Q = -0.108217
GPT :     365.362155 s : Trajectory 315: plaquette = 0.051291, dH = +4.9873e-01, accept = 0, Q = -0.108217
GPT :     366.478465 s : Trajectory 316: plaquette = 0.051488, dH = -2.6467e-01, accept = 1, Q = -0.193342
GPT :     367.594525 s : Trajectory 317: plaquette = 0.053335, dH = -4.1025e-01, accept = 1, Q = +0.036628
GPT :     368.723465 s : Trajectory 318: plaquette = 0.054653, dH = -1.1055e+00, accept = 1, Q = -0.036378
GPT :     369.856381 s : Trajectory 319: plaquette = 0.055630, dH = -4.9810e-01, accept = 1, Q = +0.150883
GPT :     370.993538 s : Trajectory 320: plaquette = 0.053544, dH = -2.7531e-01, accept = 1, Q = -0.103542
GPT :     372.132003 s : Trajectory 321: plaquette = 0.056618, dH = +6.4164e-01, accept = 1, Q = -0.023545
GPT :     373.268065 s : Trajectory 322: plaquette = 0.053753, dH = +1.2364e-01, accept = 1, Q = +0.101870
GPT :     374.406042 s : Trajectory 323: plaquette = 0.052045, dH = +2.6437e-01, accept = 1, Q = +0.146239
GPT :     375.555417 s : Trajectory 324: plaquette = 0.052045, dH = +3.7442e-01, accept = 0, Q = +0.146239
GPT :     376.696520 s : Trajectory 325: plaquette = 0.055498, dH = +3.0891e-01, accept = 1, Q = +0.047272
GPT :     377.832052 s : Trajectory 326: plaquette = 0.055498, dH = +1.6152e-01, accept = 0, Q = +0.047272
GPT :     378.971180 s : Trajectory 327: plaquette = 0.055498, dH = +4.9203e-02, accept = 0, Q = +0.047272
GPT :     380.117355 s : Trajectory 328: plaquette = 0.055498, dH = +5.3496e-02, accept = 0, Q = +0.047272
GPT :     381.258821 s : Trajectory 329: plaquette = 0.055498, dH = +5.0259e-01, accept = 0, Q = +0.047272
GPT :     382.419077 s : Trajectory 330: plaquette = 0.063284, dH = -1.0716e+00, accept = 1, Q = -0.056386
GPT :     383.564644 s : Trajectory 331: plaquette = 0.065959, dH = -8.9446e-03, accept = 1, Q = -0.047568
GPT :     384.705669 s : Trajectory 332: plaquette = 0.066410, dH = +2.7327e-01, accept = 1, Q = -0.030935
GPT :     385.823588 s : Trajectory 333: plaquette = 0.066410, dH = +1.8516e+00, accept = 0, Q = -0.030935
GPT :     386.955652 s : Trajectory 334: plaquette = 0.066410, dH = +6.8561e-01, accept = 0, Q = -0.030935
GPT :     388.087927 s : Trajectory 335: plaquette = 0.064770, dH = +1.6704e-01, accept = 1, Q = +0.016365
GPT :     389.228316 s : Trajectory 336: plaquette = 0.064770, dH = +2.6376e+00, accept = 0, Q = +0.016365
GPT :     390.347886 s : Trajectory 337: plaquette = 0.047170, dH = +1.3620e+00, accept = 1, Q = +0.116490
GPT :     391.465441 s : Trajectory 338: plaquette = 0.047170, dH = +1.3424e+00, accept = 0, Q = +0.116490
GPT :     392.595437 s : Trajectory 339: plaquette = 0.062739, dH = -4.4749e-01, accept = 1, Q = +0.111081
GPT :     393.695838 s : Trajectory 340: plaquette = 0.063252, dH = +9.7881e-02, accept = 1, Q = +0.082880
GPT :     394.991652 s : Trajectory 341: plaquette = 0.054256, dH = +5.4289e-01, accept = 1, Q = -0.064460
GPT :     396.273900 s : Trajectory 342: plaquette = 0.060337, dH = +1.4838e-02, accept = 1, Q = -0.029545
GPT :     397.630776 s : Trajectory 343: plaquette = 0.076571, dH = -9.8722e-01, accept = 1, Q = -0.044456
GPT :     398.890121 s : Trajectory 344: plaquette = 0.056412, dH = +1.3906e+00, accept = 1, Q = -0.007432
GPT :     400.074142 s : Trajectory 345: plaquette = 0.056412, dH = +5.5508e-01, accept = 0, Q = -0.007432
GPT :     401.323973 s : Trajectory 346: plaquette = 0.061401, dH = -4.8146e-01, accept = 1, Q = -0.016668
GPT :     402.537791 s : Trajectory 347: plaquette = 0.062237, dH = +7.3128e-01, accept = 1, Q = +0.032548
GPT :     403.736662 s : Trajectory 348: plaquette = 0.073594, dH = +1.4936e-01, accept = 1, Q = +0.100533
GPT :     404.956670 s : Trajectory 349: plaquette = 0.057068, dH = +2.9442e-01, accept = 1, Q = -0.126532
GPT :     406.133512 s : Trajectory 350: plaquette = 0.052974, dH = +2.9780e-01, accept = 1, Q = +0.010574
GPT :     407.270624 s : Trajectory 351: plaquette = 0.053760, dH = +7.7285e-01, accept = 1, Q = -0.090928
GPT :     408.425928 s : Trajectory 352: plaquette = 0.053760, dH = +4.9699e-01, accept = 0, Q = -0.090928
GPT :     409.545404 s : Trajectory 353: plaquette = 0.056366, dH = +8.1601e-01, accept = 1, Q = +0.011487
GPT :     410.698264 s : Trajectory 354: plaquette = 0.052552, dH = -5.0308e-01, accept = 1, Q = -0.027796
GPT :     411.833257 s : Trajectory 355: plaquette = 0.053314, dH = +8.0320e-01, accept = 1, Q = +0.205207
GPT :     412.987364 s : Trajectory 356: plaquette = 0.053314, dH = +1.2456e+00, accept = 0, Q = +0.205207
GPT :     414.150226 s : Trajectory 357: plaquette = 0.059997, dH = -2.7908e-02, accept = 1, Q = +0.007468
GPT :     415.325702 s : Trajectory 358: plaquette = 0.059997, dH = +1.1233e+00, accept = 0, Q = +0.007468
GPT :     416.584375 s : Trajectory 359: plaquette = 0.059997, dH = +6.8406e-01, accept = 0, Q = +0.007468
GPT :     417.782669 s : Trajectory 360: plaquette = 0.059997, dH = +1.1495e+00, accept = 0, Q = +0.007468
GPT :     418.994329 s : Trajectory 361: plaquette = 0.057295, dH = +6.8724e-01, accept = 1, Q = -0.191847
GPT :     420.188060 s : Trajectory 362: plaquette = 0.059354, dH = +3.9098e-01, accept = 1, Q = +0.033688
GPT :     421.367534 s : Trajectory 363: plaquette = 0.057838, dH = -3.3851e-01, accept = 1, Q = -0.102110
GPT :     422.566868 s : Trajectory 364: plaquette = 0.057838, dH = +3.9929e-01, accept = 0, Q = -0.102110
GPT :     423.703964 s : Trajectory 365: plaquette = 0.060930, dH = +2.6652e-01, accept = 1, Q = +0.222499
GPT :     424.848422 s : Trajectory 366: plaquette = 0.081775, dH = -1.1831e+00, accept = 1, Q = +0.054754
GPT :     426.107385 s : Trajectory 367: plaquette = 0.081775, dH = +2.1010e+00, accept = 0, Q = +0.054754
GPT :     427.346672 s : Trajectory 368: plaquette = 0.081775, dH = +1.7317e+00, accept = 0, Q = +0.054754
GPT :     428.641429 s : Trajectory 369: plaquette = 0.068243, dH = +5.4062e-01, accept = 1, Q = -0.036312
GPT :     429.956896 s : Trajectory 370: plaquette = 0.048825, dH = -4.9266e-01, accept = 1, Q = -0.130140
GPT :     431.299628 s : Trajectory 371: plaquette = 0.047839, dH = -4.2383e-01, accept = 1, Q = +0.046873
GPT :     432.645590 s : Trajectory 372: plaquette = 0.067908, dH = -1.3096e+00, accept = 1, Q = -0.102691
GPT :     433.883822 s : Trajectory 373: plaquette = 0.067839, dH = -3.9534e-01, accept = 1, Q = -0.025790
GPT :     435.258122 s : Trajectory 374: plaquette = 0.067839, dH = +6.6037e-01, accept = 0, Q = -0.025790
GPT :     436.693818 s : Trajectory 375: plaquette = 0.054151, dH = +1.1847e+00, accept = 1, Q = -0.103569
GPT :     438.073454 s : Trajectory 376: plaquette = 0.061709, dH = +8.2781e-01, accept = 1, Q = +0.111696
GPT :     439.525447 s : Trajectory 377: plaquette = 0.059127, dH = +2.9560e-01, accept = 1, Q = -0.095149
GPT :     440.876653 s : Trajectory 378: plaquette = 0.063714, dH = -2.8333e-01, accept = 1, Q = +0.000310
GPT :     442.092135 s : Trajectory 379: plaquette = 0.063714, dH = +2.4688e-01, accept = 0, Q = +0.000310
GPT :     443.295789 s : Trajectory 380: plaquette = 0.063714, dH = +6.7063e-01, accept = 0, Q = +0.000310
GPT :     444.495550 s : Trajectory 381: plaquette = 0.051337, dH = +1.6961e-01, accept = 1, Q = -0.141881
GPT :     445.693070 s : Trajectory 382: plaquette = 0.051337, dH = +7.7099e-01, accept = 0, Q = -0.141881
GPT :     446.900167 s : Trajectory 383: plaquette = 0.065508, dH = -1.2355e+00, accept = 1, Q = -0.127447
GPT :     448.126965 s : Trajectory 384: plaquette = 0.059286, dH = -2.3197e-01, accept = 1, Q = -0.041016
GPT :     449.325649 s : Trajectory 385: plaquette = 0.057326, dH = -3.6022e-01, accept = 1, Q = +0.041188
GPT :     450.536153 s : Trajectory 386: plaquette = 0.057326, dH = +1.3667e+00, accept = 0, Q = +0.041188
GPT :     451.735566 s : Trajectory 387: plaquette = 0.054055, dH = -5.3543e-01, accept = 1, Q = +0.035271
GPT :     452.927367 s : Trajectory 388: plaquette = 0.067710, dH = -3.0872e-01, accept = 1, Q = +0.002557
GPT :     454.125779 s : Trajectory 389: plaquette = 0.067710, dH = +1.9382e+00, accept = 0, Q = +0.002557
GPT :     455.301119 s : Trajectory 390: plaquette = 0.056830, dH = +1.3703e+00, accept = 1, Q = +0.001729
GPT :     456.493651 s : Trajectory 391: plaquette = 0.057498, dH = +6.8392e-01, accept = 1, Q = -0.106880
GPT :     457.700226 s : Trajectory 392: plaquette = 0.057498, dH = +1.0574e+00, accept = 0, Q = -0.106880
GPT :     458.936986 s : Trajectory 393: plaquette = 0.057753, dH = +8.8266e-01, accept = 1, Q = +0.043691
GPT :     460.163065 s : Trajectory 394: plaquette = 0.056932, dH = -1.6823e-01, accept = 1, Q = -0.061553
GPT :     461.386552 s : Trajectory 395: plaquette = 0.071156, dH = -2.8909e-02, accept = 1, Q = -0.085616
GPT :     462.675959 s : Trajectory 396: plaquette = 0.061613, dH = +3.2104e-01, accept = 1, Q = -0.022280
GPT :     463.911803 s : Trajectory 397: plaquette = 0.061613, dH = +1.6845e+00, accept = 0, Q = -0.022280
GPT :     465.134791 s : Trajectory 398: plaquette = 0.066956, dH = -4.7975e-02, accept = 1, Q = +0.223645
GPT :     466.356366 s : Trajectory 399: plaquette = 0.053662, dH = +2.5817e-01, accept = 1, Q = -0.074066
GPT :     467.562558 s : Trajectory 400: plaquette = 0.048250, dH = +1.4236e-02, accept = 1, Q = -0.016844
GPT :     468.778127 s : Trajectory 401: plaquette = 0.049886, dH = +8.4523e-01, accept = 1, Q = +0.062456
GPT :     470.002398 s : Trajectory 402: plaquette = 0.057997, dH = -1.4901e+00, accept = 1, Q = -0.033538
GPT :     471.216840 s : Trajectory 403: plaquette = 0.049770, dH = +6.1893e-01, accept = 1, Q = -0.025079
GPT :     472.423268 s : Trajectory 404: plaquette = 0.057576, dH = +4.8573e-01, accept = 1, Q = -0.042225
GPT :     473.626767 s : Trajectory 405: plaquette = 0.049894, dH = -9.2737e-02, accept = 1, Q = -0.118187
GPT :     474.821460 s : Trajectory 406: plaquette = 0.056120, dH = -2.9521e-01, accept = 1, Q = +0.086723
GPT :     476.030702 s : Trajectory 407: plaquette = 0.056120, dH = +1.9379e+00, accept = 0, Q = +0.086723
GPT :     477.250294 s : Trajectory 408: plaquette = 0.051595, dH = -2.0519e-01, accept = 1, Q = +0.001078
GPT :     478.478554 s : Trajectory 409: plaquette = 0.062590, dH = -1.0200e-01, accept = 1, Q = -0.101637
GPT :     479.719294 s : Trajectory 410: plaquette = 0.056655, dH = +1.3179e-01, accept = 1, Q = -0.083530
GPT :     480.942433 s : Trajectory 411: plaquette = 0.047017, dH = +5.9885e-01, accept = 1, Q = +0.032704
GPT :     482.168017 s : Trajectory 412: plaquette = 0.052560, dH = -8.5639e-01, accept = 1, Q = +0.009054
GPT :     483.387179 s : Trajectory 413: plaquette = 0.052560, dH = +1.1849e+00, accept = 0, Q = +0.009054
GPT :     484.588435 s : Trajectory 414: plaquette = 0.059752, dH = -8.6088e-02, accept = 1, Q = +0.056933
GPT :     485.792364 s : Trajectory 415: plaquette = 0.057658, dH = -4.9475e-01, accept = 1, Q = -0.251102
GPT :     486.995511 s : Trajectory 416: plaquette = 0.057571, dH = +5.7148e-01, accept = 1, Q = -0.100724
GPT :     488.229121 s : Trajectory 417: plaquette = 0.043204, dH = +7.2651e-01, accept = 1, Q = -0.113605
GPT :     489.453783 s : Trajectory 418: plaquette = 0.074253, dH = -1.1787e+00, accept = 1, Q = +0.022734
GPT :     490.657785 s : Trajectory 419: plaquette = 0.074253, dH = +1.1506e+00, accept = 0, Q = +0.022734
GPT :     491.867293 s : Trajectory 420: plaquette = 0.054385, dH = +9.1906e-01, accept = 1, Q = +0.044985
GPT :     493.041561 s : Trajectory 421: plaquette = 0.053127, dH = +5.6879e-01, accept = 1, Q = -0.024266
GPT :     494.214379 s : Trajectory 422: plaquette = 0.063779, dH = -4.8253e-01, accept = 1, Q = -0.031657
GPT :     495.393114 s : Trajectory 423: plaquette = 0.059877, dH = +2.1170e-01, accept = 1, Q = -0.044865
GPT :     496.566736 s : Trajectory 424: plaquette = 0.059877, dH = +9.3095e-01, accept = 0, Q = -0.044865
GPT :     497.734932 s : Trajectory 425: plaquette = 0.064256, dH = -5.6724e-01, accept = 1, Q = -0.016605
GPT :     498.929969 s : Trajectory 426: plaquette = 0.058487, dH = +4.2580e-01, accept = 1, Q = -0.116754
GPT :     500.111960 s : Trajectory 427: plaquette = 0.058487, dH = +1.9801e+00, accept = 0, Q = -0.116754
GPT :     501.284224 s : Trajectory 428: plaquette = 0.058487, dH = +1.1425e+00, accept = 0, Q = -0.116754
GPT :     502.437800 s : Trajectory 429: plaquette = 0.050387, dH = +7.4163e-01, accept = 1, Q = +0.006015
GPT :     503.603618 s : Trajectory 430: plaquette = 0.062528, dH = -6.7978e-01, accept = 1, Q = +0.086328
GPT :     504.772431 s : Trajectory 431: plaquette = 0.054375, dH = +1.2987e-01, accept = 1, Q = +0.175347
GPT :     505.937927 s : Trajectory 432: plaquette = 0.054375, dH = +5.0032e-01, accept = 0, Q = +0.175347
GPT :     507.094417 s : Trajectory 433: plaquette = 0.064302, dH = +2.5695e-01, accept = 1, Q = -0.010880
GPT :     508.275565 s : Trajectory 434: plaquette = 0.064302, dH = +2.6762e-01, accept = 0, Q = -0.010880
GPT :     509.466452 s : Trajectory 435: plaquette = 0.064302, dH = +3.1330e-01, accept = 0, Q = -0.010880
GPT :     510.643871 s : Trajectory 436: plaquette = 0.064302, dH = +1.3130e+00, accept = 0, Q = -0.010880
GPT :     511.826582 s : Trajectory 437: plaquette = 0.062092, dH = +4.3880e-01, accept = 1, Q = -0.067229
GPT :     513.010390 s : Trajectory 438: plaquette = 0.062092, dH = +1.6469e-01, accept = 0, Q = -0.067229
GPT :     514.184537 s : Trajectory 439: plaquette = 0.060452, dH = -6.3859e-02, accept = 1, Q = -0.031310
GPT :     515.337925 s : Trajectory 440: plaquette = 0.062812, dH = +2.0469e-01, accept = 1, Q = +0.254799
GPT :     516.471842 s : Trajectory 441: plaquette = 0.057709, dH = -4.3781e-02, accept = 1, Q = -0.111315
GPT :     517.630237 s : Trajectory 442: plaquette = 0.057709, dH = +8.6514e-01, accept = 0, Q = -0.111315
GPT :     518.768004 s : Trajectory 443: plaquette = 0.065462, dH = +1.0865e+00, accept = 1, Q = -0.113819
GPT :     519.922242 s : Trajectory 444: plaquette = 0.061303, dH = +7.0977e-01, accept = 1, Q = -0.001041
GPT :     521.072693 s : Trajectory 445: plaquette = 0.061303, dH = +7.4448e-01, accept = 0, Q = -0.001041
GPT :     522.240259 s : Trajectory 446: plaquette = 0.041703, dH = +1.7998e+00, accept = 1, Q = +0.024612
GPT :     523.397759 s : Trajectory 447: plaquette = 0.053714, dH = -3.9675e-01, accept = 1, Q = +0.176039
GPT :     524.570533 s : Trajectory 448: plaquette = 0.053714, dH = +1.9975e-01, accept = 0, Q = +0.176039
GPT :     525.731209 s : Trajectory 449: plaquette = 0.055112, dH = -5.6893e-01, accept = 1, Q = -0.073758
GPT :     526.889887 s : Trajectory 450: plaquette = 0.057630, dH = -4.3481e-01, accept = 1, Q = -0.183364
GPT :     528.059015 s : Trajectory 451: plaquette = 0.060147, dH = -1.3836e-01, accept = 1, Q = -0.048353
GPT :     529.223319 s : Trajectory 452: plaquette = 0.066211, dH = +5.1141e-01, accept = 1, Q = +0.097251
GPT :     530.387682 s : Trajectory 453: plaquette = 0.064969, dH = -6.0312e-02, accept = 1, Q = -0.271248
GPT :     531.526319 s : Trajectory 454: plaquette = 0.060304, dH = -1.8421e-01, accept = 1, Q = -0.038319
GPT :     532.673631 s : Trajectory 455: plaquette = 0.063314, dH = -2.7735e-02, accept = 1, Q = -0.119605
GPT :     533.818660 s : Trajectory 456: plaquette = 0.054680, dH = +9.4023e-01, accept = 1, Q = -0.041489
GPT :     534.967728 s : Trajectory 457: plaquette = 0.057401, dH = +1.2386e-02, accept = 1, Q = +0.059678
GPT :     536.118097 s : Trajectory 458: plaquette = 0.057401, dH = +3.3694e-01, accept = 0, Q = +0.059678
GPT :     537.284374 s : Trajectory 459: plaquette = 0.061057, dH = -6.6500e-02, accept = 1, Q = +0.091078
GPT :     538.431523 s : Trajectory 460: plaquette = 0.056639, dH = -7.7166e-01, accept = 1, Q = +0.014553
GPT :     539.598473 s : Trajectory 461: plaquette = 0.062807, dH = -1.5166e+00, accept = 1, Q = +0.105542
GPT :     540.759462 s : Trajectory 462: plaquette = 0.062807, dH = +8.4219e-01, accept = 0, Q = +0.105542
GPT :     541.946104 s : Trajectory 463: plaquette = 0.055645, dH = +4.4441e-01, accept = 1, Q = +0.023614
GPT :     543.092004 s : Trajectory 464: plaquette = 0.053817, dH = -5.4762e-01, accept = 1, Q = -0.001183
GPT :     544.261295 s : Trajectory 465: plaquette = 0.057615, dH = -4.8738e-01, accept = 1, Q = +0.049739
GPT :     545.427494 s : Trajectory 466: plaquette = 0.062816, dH = +1.0369e+00, accept = 1, Q = -0.005318
GPT :     546.596231 s : Trajectory 467: plaquette = 0.058441, dH = -5.2587e-01, accept = 1, Q = -0.110855
GPT :     547.766478 s : Trajectory 468: plaquette = 0.062519, dH = -2.1168e-03, accept = 1, Q = -0.004680
GPT :     548.924969 s : Trajectory 469: plaquette = 0.057016, dH = -8.2560e-02, accept = 1, Q = +0.080543
GPT :     550.087017 s : Trajectory 470: plaquette = 0.056097, dH = -5.8864e-01, accept = 1, Q = -0.132452
GPT :     551.241326 s : Trajectory 471: plaquette = 0.054744, dH = -1.7090e-01, accept = 1, Q = -0.047640
GPT :     552.395466 s : Trajectory 472: plaquette = 0.059498, dH = +2.4153e-01, accept = 1, Q = -0.120123
GPT :     553.544185 s : Trajectory 473: plaquette = 0.059498, dH = +1.3238e+00, accept = 0, Q = -0.120123
GPT :     554.691370 s : Trajectory 474: plaquette = 0.074062, dH = -9.9295e-02, accept = 1, Q = -0.115542
GPT :     555.826039 s : Trajectory 475: plaquette = 0.074062, dH = +1.3442e+00, accept = 0, Q = -0.115542
GPT :     556.975468 s : Trajectory 476: plaquette = 0.057926, dH = +1.0022e+00, accept = 1, Q = -0.063506
GPT :     558.125555 s : Trajectory 477: plaquette = 0.060217, dH = +2.8150e-01, accept = 1, Q = +0.094887
GPT :     559.289549 s : Trajectory 478: plaquette = 0.072616, dH = -4.2207e-01, accept = 1, Q = -0.025216
GPT :     560.487561 s : Trajectory 479: plaquette = 0.072616, dH = +1.2216e+00, accept = 0, Q = -0.025216
GPT :     561.653942 s : Trajectory 480: plaquette = 0.063182, dH = +1.3300e+00, accept = 1, Q = -0.243076
GPT :     562.822615 s : Trajectory 481: plaquette = 0.063182, dH = +2.0471e+00, accept = 0, Q = -0.243076
GPT :     563.987858 s : Trajectory 482: plaquette = 0.064225, dH = -6.2676e-01, accept = 1, Q = -0.062098
GPT :     565.152438 s : Trajectory 483: plaquette = 0.066469, dH = -9.1062e-02, accept = 1, Q = -0.102383
GPT :     566.311374 s : Trajectory 484: plaquette = 0.066469, dH = +2.1899e+00, accept = 0, Q = -0.102383
GPT :     567.454333 s : Trajectory 485: plaquette = 0.059126, dH = +4.1304e-01, accept = 1, Q = +0.091018
GPT :     568.604054 s : Trajectory 486: plaquette = 0.058968, dH = +5.2528e-01, accept = 1, Q = +0.175185
GPT :     569.750103 s : Trajectory 487: plaquette = 0.058968, dH = +8.5897e-01, accept = 0, Q = +0.175185
GPT :     570.910214 s : Trajectory 488: plaquette = 0.058968, dH = +2.8816e-01, accept = 0, Q = +0.175185
GPT :     572.060831 s : Trajectory 489: plaquette = 0.058968, dH = +2.8382e-01, accept = 0, Q = +0.175185
GPT :     573.211005 s : Trajectory 490: plaquette = 0.058968, dH = +2.1816e+00, accept = 0, Q = +0.175185
GPT :     574.364697 s : Trajectory 491: plaquette = 0.045767, dH = -1.9895e-01, accept = 1, Q = -0.053021
GPT :     575.517157 s : Trajectory 492: plaquette = 0.056568, dH = +1.7555e-01, accept = 1, Q = +0.025739
GPT :     576.684611 s : Trajectory 493: plaquette = 0.060983, dH = +5.1411e-01, accept = 1, Q = +0.236348
GPT :     577.843558 s : Trajectory 494: plaquette = 0.056704, dH = -3.8994e-01, accept = 1, Q = -0.019731
GPT :     579.002458 s : Trajectory 495: plaquette = 0.068032, dH = +3.8586e-01, accept = 1, Q = -0.027353
GPT :     580.157892 s : Trajectory 496: plaquette = 0.068032, dH = +8.3926e-01, accept = 0, Q = -0.027353
GPT :     581.299883 s : Trajectory 497: plaquette = 0.062938, dH = +4.6762e-01, accept = 1, Q = -0.105936
GPT :     582.462958 s : Trajectory 498: plaquette = 0.062938, dH = +6.8136e-01, accept = 0, Q = -0.105936
GPT :     583.620918 s : Trajectory 499: plaquette = 0.062938, dH = +1.2123e+00, accept = 0, Q = -0.105936
GPT :     584.773546 s : Trajectory 500: plaquette = 0.062938, dH = +1.5504e+00, accept = 0, Q = -0.105936
GPT :     585.935773 s : Trajectory 501: plaquette = 0.060384, dH = -6.9951e-02, accept = 1, Q = +0.152800
GPT :     587.083834 s : Trajectory 502: plaquette = 0.059717, dH = -1.2626e+00, accept = 1, Q = +0.103933
GPT :     588.241578 s : Trajectory 503: plaquette = 0.061892, dH = -7.0486e-01, accept = 1, Q = +0.218588
GPT :     589.406513 s : Trajectory 504: plaquette = 0.054142, dH = +2.6829e-01, accept = 1, Q = -0.071583
GPT :     590.622735 s : Trajectory 505: plaquette = 0.073799, dH = -1.2955e+00, accept = 1, Q = -0.030329
GPT :     591.782641 s : Trajectory 506: plaquette = 0.069125, dH = -1.7401e-01, accept = 1, Q = +0.123419
GPT :     592.939208 s : Trajectory 507: plaquette = 0.062626, dH = +1.4543e-01, accept = 1, Q = -0.206274
GPT :     594.099192 s : Trajectory 508: plaquette = 0.053593, dH = -7.0279e-01, accept = 1, Q = +0.153955
GPT :     595.254523 s : Trajectory 509: plaquette = 0.052532, dH = -7.7486e-01, accept = 1, Q = -0.010085
GPT :     596.424649 s : Trajectory 510: plaquette = 0.050138, dH = +6.3061e-01, accept = 1, Q = +0.111887
GPT :     597.607365 s : Trajectory 511: plaquette = 0.050138, dH = +9.8584e-01, accept = 0, Q = +0.111887
GPT :     598.765952 s : Trajectory 512: plaquette = 0.061646, dH = +3.6966e-01, accept = 1, Q = -0.068995
GPT :     599.917544 s : Trajectory 513: plaquette = 0.058345, dH = +2.4006e-01, accept = 1, Q = +0.024953
GPT :     601.070470 s : Trajectory 514: plaquette = 0.068323, dH = +9.7333e-03, accept = 1, Q = +0.146023
GPT :     602.230107 s : Trajectory 515: plaquette = 0.056280, dH = +9.7093e-01, accept = 1, Q = -0.133347
GPT :     603.382956 s : Trajectory 516: plaquette = 0.056280, dH = +7.3500e-01, accept = 0, Q = -0.133347
GPT :     604.533711 s : Trajectory 517: plaquette = 0.051647, dH = +3.9532e-01, accept = 1, Q = +0.153319
GPT :     605.697808 s : Trajectory 518: plaquette = 0.051647, dH = +1.1427e+00, accept = 0, Q = +0.153319
GPT :     606.855641 s : Trajectory 519: plaquette = 0.050672, dH = +1.4768e-01, accept = 1, Q = +0.144834
GPT :     608.020765 s : Trajectory 520: plaquette = 0.054518, dH = -1.1705e+00, accept = 1, Q = +0.044014
GPT :     609.180945 s : Trajectory 521: plaquette = 0.060226, dH = +1.3929e-01, accept = 1, Q = +0.146757
GPT :     610.354470 s : Trajectory 522: plaquette = 0.063563, dH = +4.6096e-01, accept = 1, Q = +0.068697
GPT :     611.511605 s : Trajectory 523: plaquette = 0.063563, dH = +8.4855e-01, accept = 0, Q = +0.068697
GPT :     612.666401 s : Trajectory 524: plaquette = 0.066864, dH = -1.1903e+00, accept = 1, Q = +0.043127
GPT :     613.821435 s : Trajectory 525: plaquette = 0.066864, dH = +6.6819e-01, accept = 0, Q = +0.043127
GPT :     614.973949 s : Trajectory 526: plaquette = 0.066864, dH = +1.0117e+00, accept = 0, Q = +0.043127
GPT :     616.126981 s : Trajectory 527: plaquette = 0.046195, dH = +4.5147e-01, accept = 1, Q = -0.180380
GPT :     617.294004 s : Trajectory 528: plaquette = 0.051594, dH = -1.8256e-01, accept = 1, Q = -0.058906
GPT :     618.457997 s : Trajectory 529: plaquette = 0.051482, dH = +3.7004e-01, accept = 1, Q = -0.070640
GPT :     619.631684 s : Trajectory 530: plaquette = 0.054502, dH = -2.3913e-01, accept = 1, Q = -0.239815
GPT :     620.841878 s : Trajectory 531: plaquette = 0.065712, dH = -4.7792e-01, accept = 1, Q = +0.015421
GPT :     622.011613 s : Trajectory 532: plaquette = 0.059581, dH = -3.7079e-01, accept = 1, Q = -0.149331
GPT :     623.174882 s : Trajectory 533: plaquette = 0.053792, dH = +2.5806e-01, accept = 1, Q = -0.101724
GPT :     624.350021 s : Trajectory 534: plaquette = 0.043450, dH = +1.2978e+00, accept = 1, Q = +0.090870
GPT :     625.527308 s : Trajectory 535: plaquette = 0.051634, dH = -2.4527e-01, accept = 1, Q = +0.010285
GPT :     626.691603 s : Trajectory 536: plaquette = 0.060026, dH = -8.3715e-02, accept = 1, Q = +0.005927
GPT :     627.857844 s : Trajectory 537: plaquette = 0.057584, dH = -2.5227e-03, accept = 1, Q = +0.056945
GPT :     629.036935 s : Trajectory 538: plaquette = 0.057584, dH = +1.7518e+00, accept = 0, Q = +0.056945
GPT :     630.187871 s : Trajectory 539: plaquette = 0.060703, dH = -8.0154e-01, accept = 1, Q = +0.007413
GPT :     631.344664 s : Trajectory 540: plaquette = 0.057675, dH = -2.9929e-01, accept = 1, Q = -0.035493
GPT :     632.470643 s : Trajectory 541: plaquette = 0.057675, dH = +7.0416e-01, accept = 0, Q = -0.035493
GPT :     633.559120 s : Trajectory 542: plaquette = 0.057675, dH = +2.5043e-01, accept = 0, Q = -0.035493
GPT :     634.599042 s : Trajectory 543: plaquette = 0.059705, dH = +5.1620e-01, accept = 1, Q = -0.037792
GPT :     635.740504 s : Trajectory 544: plaquette = 0.064698, dH = +4.1504e-02, accept = 1, Q = +0.011627
GPT :     636.906234 s : Trajectory 545: plaquette = 0.064810, dH = -1.5505e+00, accept = 1, Q = -0.044210
GPT :     638.062855 s : Trajectory 546: plaquette = 0.064810, dH = +9.2302e-01, accept = 0, Q = -0.044210
GPT :     639.234396 s : Trajectory 547: plaquette = 0.065175, dH = -1.1134e+00, accept = 1, Q = -0.017232
GPT :     640.403722 s : Trajectory 548: plaquette = 0.065175, dH = +1.1679e+00, accept = 0, Q = -0.017232
GPT :     641.558089 s : Trajectory 549: plaquette = 0.067820, dH = +3.9885e-03, accept = 1, Q = +0.069507
GPT :     642.724305 s : Trajectory 550: plaquette = 0.061747, dH = +7.2921e-01, accept = 1, Q = -0.063837
GPT :     643.886778 s : Trajectory 551: plaquette = 0.055329, dH = +8.4422e-01, accept = 1, Q = -0.070668
GPT :     645.052896 s : Trajectory 552: plaquette = 0.060528, dH = +1.0819e-01, accept = 1, Q = +0.008656
GPT :     646.218311 s : Trajectory 553: plaquette = 0.069000, dH = +5.3455e-02, accept = 1, Q = -0.009491
GPT :     647.369268 s : Trajectory 554: plaquette = 0.069000, dH = +1.4882e+00, accept = 0, Q = -0.009491
GPT :     648.514970 s : Trajectory 555: plaquette = 0.061788, dH = +7.2348e-02, accept = 1, Q = -0.056077
GPT :     649.732171 s : Trajectory 556: plaquette = 0.061788, dH = +2.0667e+00, accept = 0, Q = -0.056077
GPT :     650.879474 s : Trajectory 557: plaquette = 0.055851, dH = -6.0063e-01, accept = 1, Q = +0.032937
GPT :     652.023691 s : Trajectory 558: plaquette = 0.062669, dH = -3.4321e-01, accept = 1, Q = +0.171113
GPT :     653.174748 s : Trajectory 559: plaquette = 0.057240, dH = +1.3868e-01, accept = 1, Q = -0.000222
GPT :     654.314573 s : Trajectory 560: plaquette = 0.056184, dH = -1.3339e-01, accept = 1, Q = -0.045798
GPT :     655.472204 s : Trajectory 561: plaquette = 0.056184, dH = +1.4151e+00, accept = 0, Q = -0.045798
GPT :     656.629325 s : Trajectory 562: plaquette = 0.061461, dH = -3.7016e-01, accept = 1, Q = +0.100023
GPT :     657.792536 s : Trajectory 563: plaquette = 0.056933, dH = +4.3002e-01, accept = 1, Q = -0.121011
GPT :     658.960290 s : Trajectory 564: plaquette = 0.055025, dH = -1.2491e-01, accept = 1, Q = +0.000032
GPT :     660.123071 s : Trajectory 565: plaquette = 0.058441, dH = -4.4917e-01, accept = 1, Q = -0.079753
GPT :     661.305940 s : Trajectory 566: plaquette = 0.061451, dH = -2.5609e-01, accept = 1, Q = +0.126181
GPT :     662.497666 s : Trajectory 567: plaquette = 0.060973, dH = +3.3742e-01, accept = 1, Q = -0.094670
GPT :     663.688425 s : Trajectory 568: plaquette = 0.068442, dH = -4.0730e-01, accept = 1, Q = +0.015850
GPT :     664.873748 s : Trajectory 569: plaquette = 0.061998, dH = +5.9921e-01, accept = 1, Q = -0.046760
GPT :     666.052432 s : Trajectory 570: plaquette = 0.063307, dH = -1.5664e+00, accept = 1, Q = +0.203228
GPT :     667.186280 s : Trajectory 571: plaquette = 0.063307, dH = +1.2715e+00, accept = 0, Q = +0.203228
GPT :     668.328136 s : Trajectory 572: plaquette = 0.060126, dH = +9.6197e-01, accept = 1, Q = -0.037422
GPT :     669.356652 s : Trajectory 573: plaquette = 0.064765, dH = -9.4184e-01, accept = 1, Q = -0.182467
GPT :     670.426025 s : Trajectory 574: plaquette = 0.054633, dH = -5.1791e-01, accept = 1, Q = +0.126632
GPT :     671.598021 s : Trajectory 575: plaquette = 0.060142, dH = +3.6037e-01, accept = 1, Q = -0.069238
GPT :     672.791589 s : Trajectory 576: plaquette = 0.053636, dH = -3.1461e-01, accept = 1, Q = -0.173171
GPT :     673.983399 s : Trajectory 577: plaquette = 0.058183, dH = +8.6671e-01, accept = 1, Q = -0.029648
GPT :     675.168213 s : Trajectory 578: plaquette = 0.058183, dH = +1.1263e+00, accept = 0, Q = -0.029648
GPT :     676.385978 s : Trajectory 579: plaquette = 0.062042, dH = -1.4009e-01, accept = 1, Q = +0.271327
GPT :     677.585958 s : Trajectory 580: plaquette = 0.056812, dH = +9.4048e-01, accept = 1, Q = -0.022082
GPT :     678.800287 s : Trajectory 581: plaquette = 0.056812, dH = +1.5674e+00, accept = 0, Q = -0.022082
GPT :     680.004941 s : Trajectory 582: plaquette = 0.056812, dH = +1.1434e+00, accept = 0, Q = -0.022082
GPT :     681.220872 s : Trajectory 583: plaquette = 0.071328, dH = -2.0073e-01, accept = 1, Q = -0.069189
GPT :     682.499142 s : Trajectory 584: plaquette = 0.053588, dH = -1.8744e-01, accept = 1, Q = -0.011958
GPT :     683.761575 s : Trajectory 585: plaquette = 0.064817, dH = -1.1822e+00, accept = 1, Q = +0.064443
GPT :     685.007086 s : Trajectory 586: plaquette = 0.054734, dH = -9.5715e-02, accept = 1, Q = -0.080557
GPT :     686.240201 s : Trajectory 587: plaquette = 0.055174, dH = +4.4992e-01, accept = 1, Q = +0.104697
GPT :     687.460200 s : Trajectory 588: plaquette = 0.055174, dH = +1.0124e+00, accept = 0, Q = +0.104697
GPT :     688.690021 s : Trajectory 589: plaquette = 0.063010, dH = -7.5997e-01, accept = 1, Q = -0.036470
GPT :     689.924825 s : Trajectory 590: plaquette = 0.060068, dH = -8.8060e-01, accept = 1, Q = +0.020664
GPT :     691.156670 s : Trajectory 591: plaquette = 0.060068, dH = +1.6178e+00, accept = 0, Q = +0.020664
GPT :     692.382127 s : Trajectory 592: plaquette = 0.060994, dH = +2.2412e-01, accept = 1, Q = +0.200041
GPT :     693.610805 s : Trajectory 593: plaquette = 0.059064, dH = -8.6257e-01, accept = 1, Q = +0.089876
GPT :     694.848907 s : Trajectory 594: plaquette = 0.062220, dH = +5.6571e-01, accept = 1, Q = +0.011824
GPT :     696.145738 s : Trajectory 595: plaquette = 0.062220, dH = +9.2606e-01, accept = 0, Q = +0.011824
GPT :     697.348986 s : Trajectory 596: plaquette = 0.061811, dH = -2.3317e-01, accept = 1, Q = -0.004377
GPT :     698.564252 s : Trajectory 597: plaquette = 0.052263, dH = +6.2170e-01, accept = 1, Q = -0.046151
GPT :     699.773449 s : Trajectory 598: plaquette = 0.044409, dH = +8.2076e-01, accept = 1, Q = +0.087923
GPT :     700.983354 s : Trajectory 599: plaquette = 0.065661, dH = -1.2572e+00, accept = 1, Q = -0.168580
GPT :     702.195933 s : Trajectory 600: plaquette = 0.045706, dH = +1.6745e+00, accept = 1, Q = -0.073972
GPT :     703.417953 s : Trajectory 601: plaquette = 0.049795, dH = -7.4087e-01, accept = 1, Q = -0.042359
GPT :     704.641639 s : Trajectory 602: plaquette = 0.049795, dH = +1.2461e+00, accept = 0, Q = -0.042359
GPT :     705.878323 s : Trajectory 603: plaquette = 0.058748, dH = -2.3700e-01, accept = 1, Q = +0.032917
GPT :     707.183377 s : Trajectory 604: plaquette = 0.062397, dH = -3.3582e-01, accept = 1, Q = +0.271348
GPT :     708.449781 s : Trajectory 605: plaquette = 0.053954, dH = +5.4256e-01, accept = 1, Q = +0.038803
GPT :     709.611584 s : Trajectory 606: plaquette = 0.053954, dH = +6.7879e-01, accept = 0, Q = +0.038803
GPT :     710.774419 s : Trajectory 607: plaquette = 0.052735, dH = -2.5731e-01, accept = 1, Q = -0.093727
GPT :     711.953325 s : Trajectory 608: plaquette = 0.058749, dH = +1.1978e-01, accept = 1, Q = -0.044071
GPT :     713.174770 s : Trajectory 609: plaquette = 0.059028, dH = -2.4822e-01, accept = 1, Q = +0.068384
GPT :     714.357896 s : Trajectory 610: plaquette = 0.052518, dH = +4.2050e-02, accept = 1, Q = -0.061045
GPT :     715.510215 s : Trajectory 611: plaquette = 0.067758, dH = -8.8654e-01, accept = 1, Q = +0.047523
GPT :     716.657982 s : Trajectory 612: plaquette = 0.063578, dH = -4.8745e-01, accept = 1, Q = -0.072429
GPT :     717.816008 s : Trajectory 613: plaquette = 0.060531, dH = +5.5254e-01, accept = 1, Q = -0.018132
GPT :     718.949476 s : Trajectory 614: plaquette = 0.060130, dH = +5.7166e-01, accept = 1, Q = -0.059867
GPT :     720.090763 s : Trajectory 615: plaquette = 0.058024, dH = +9.8931e-01, accept = 1, Q = +0.058768
GPT :     721.241888 s : Trajectory 616: plaquette = 0.055455, dH = -2.3248e-01, accept = 1, Q = +0.155522
GPT :     722.383886 s : Trajectory 617: plaquette = 0.060906, dH = +1.9669e-01, accept = 1, Q = +0.076619
GPT :     723.528668 s : Trajectory 618: plaquette = 0.046403, dH = +4.7917e-01, accept = 1, Q = +0.067054
GPT :     724.676533 s : Trajectory 619: plaquette = 0.063910, dH = -1.9047e-01, accept = 1, Q = -0.074732
GPT :     725.830036 s : Trajectory 620: plaquette = 0.061820, dH = +1.4646e+00, accept = 1, Q = +0.011808
GPT :     726.985683 s : Trajectory 621: plaquette = 0.061487, dH = -1.3787e+00, accept = 1, Q = +0.018515
GPT :     728.133787 s : Trajectory 622: plaquette = 0.064179, dH = -9.0388e-02, accept = 1, Q = -0.056955
GPT :     729.291445 s : Trajectory 623: plaquette = 0.053411, dH = +1.1224e-01, accept = 1, Q = +0.115611
GPT :     730.450140 s : Trajectory 624: plaquette = 0.047279, dH = +3.6383e-01, accept = 1, Q = -0.016548
GPT :     731.593545 s : Trajectory 625: plaquette = 0.061929, dH = -2.3451e-01, accept = 1, Q = +0.014196
GPT :     732.728448 s : Trajectory 626: plaquette = 0.052368, dH = -3.6878e-01, accept = 1, Q = +0.066855
GPT :     733.869379 s : Trajectory 627: plaquette = 0.052368, dH = +9.0376e-01, accept = 0, Q = +0.066855
GPT :     735.008705 s : Trajectory 628: plaquette = 0.054959, dH = -3.9892e-01, accept = 1, Q = +0.037397
GPT :     736.152463 s : Trajectory 629: plaquette = 0.059328, dH = +3.0320e-01, accept = 1, Q = +0.076619
GPT :     737.297261 s : Trajectory 630: plaquette = 0.071923, dH = -1.6007e+00, accept = 1, Q = -0.097227
GPT :     738.443604 s : Trajectory 631: plaquette = 0.066105, dH = -2.4012e-03, accept = 1, Q = +0.002395
GPT :     739.588631 s : Trajectory 632: plaquette = 0.058120, dH = -8.4044e-01, accept = 1, Q = +0.069031
GPT :     740.735123 s : Trajectory 633: plaquette = 0.053645, dH = +9.5177e-01, accept = 1, Q = +0.123521
GPT :     741.895355 s : Trajectory 634: plaquette = 0.060210, dH = -1.5239e-01, accept = 1, Q = +0.131928
GPT :     743.100553 s : Trajectory 635: plaquette = 0.053137, dH = +6.8897e-01, accept = 1, Q = -0.169798
GPT :     744.261523 s : Trajectory 636: plaquette = 0.059452, dH = -3.2493e-01, accept = 1, Q = +0.090495
GPT :     745.398217 s : Trajectory 637: plaquette = 0.061834, dH = +8.4043e-02, accept = 1, Q = +0.153591
GPT :     746.542978 s : Trajectory 638: plaquette = 0.051152, dH = +7.4761e-01, accept = 1, Q = -0.159784
GPT :     747.670894 s : Trajectory 639: plaquette = 0.044917, dH = +6.0200e-01, accept = 1, Q = +0.185334
GPT :     748.801585 s : Trajectory 640: plaquette = 0.062582, dH = -8.4238e-02, accept = 1, Q = -0.029612
GPT :     749.944731 s : Trajectory 641: plaquette = 0.049914, dH = +7.4157e-02, accept = 1, Q = +0.096092
GPT :     751.079770 s : Trajectory 642: plaquette = 0.062859, dH = -1.2294e+00, accept = 1, Q = +0.017939
GPT :     752.236203 s : Trajectory 643: plaquette = 0.062002, dH = +1.0078e-01, accept = 1, Q = -0.112822
GPT :     753.384702 s : Trajectory 644: plaquette = 0.066597, dH = -5.2481e-01, accept = 1, Q = +0.011653
GPT :     754.535772 s : Trajectory 645: plaquette = 0.057310, dH = +4.4016e-01, accept = 1, Q = -0.026816
GPT :     755.692584 s : Trajectory 646: plaquette = 0.072015, dH = -1.0382e+00, accept = 1, Q = -0.003857
GPT :     756.838459 s : Trajectory 647: plaquette = 0.072015, dH = +1.5452e+00, accept = 0, Q = -0.003857
GPT :     757.985925 s : Trajectory 648: plaquette = 0.072015, dH = +1.3034e+00, accept = 0, Q = -0.003857
GPT :     759.132794 s : Trajectory 649: plaquette = 0.066743, dH = +4.5139e-01, accept = 1, Q = -0.054946
GPT :     760.290358 s : Trajectory 650: plaquette = 0.045501, dH = +3.3444e-01, accept = 1, Q = -0.021112
GPT :     761.433973 s : Trajectory 651: plaquette = 0.059388, dH = -3.0689e-02, accept = 1, Q = -0.053125
GPT :     762.590114 s : Trajectory 652: plaquette = 0.059388, dH = +5.7713e-01, accept = 0, Q = -0.053125
GPT :     763.736860 s : Trajectory 653: plaquette = 0.062506, dH = -3.3432e-01, accept = 1, Q = +0.006180
GPT :     764.886108 s : Trajectory 654: plaquette = 0.062506, dH = +8.1375e-01, accept = 0, Q = +0.006180
GPT :     766.025866 s : Trajectory 655: plaquette = 0.044556, dH = -1.7881e-01, accept = 1, Q = -0.074409
GPT :     767.185192 s : Trajectory 656: plaquette = 0.041395, dH = -6.7719e-01, accept = 1, Q = +0.071080
GPT :     768.335405 s : Trajectory 657: plaquette = 0.050600, dH = +1.0123e+00, accept = 1, Q = -0.059450
GPT :     769.488914 s : Trajectory 658: plaquette = 0.052277, dH = -1.4744e-01, accept = 1, Q = -0.078653
GPT :     770.644018 s : Trajectory 659: plaquette = 0.052277, dH = +4.1162e-01, accept = 0, Q = -0.078653
GPT :     771.803944 s : Trajectory 660: plaquette = 0.061934, dH = +6.7800e-02, accept = 1, Q = +0.154323
GPT :     773.040248 s : Trajectory 661: plaquette = 0.060399, dH = -2.5473e-01, accept = 1, Q = -0.023688
GPT :     774.186746 s : Trajectory 662: plaquette = 0.063865, dH = +3.1965e-01, accept = 1, Q = -0.089516
GPT :     775.315615 s : Trajectory 663: plaquette = 0.052459, dH = +8.9631e-02, accept = 1, Q = -0.054857
GPT :     776.460529 s : Trajectory 664: plaquette = 0.052459, dH = +9.2937e-01, accept = 0, Q = -0.054857
GPT :     777.608425 s : Trajectory 665: plaquette = 0.050981, dH = -4.0014e-01, accept = 1, Q = +0.091017
GPT :     778.743677 s : Trajectory 666: plaquette = 0.061246, dH = -7.0849e-01, accept = 1, Q = -0.128475
GPT :     779.902161 s : Trajectory 667: plaquette = 0.061246, dH = +3.3459e-01, accept = 0, Q = -0.128475
GPT :     781.048667 s : Trajectory 668: plaquette = 0.059949, dH = +7.2025e-01, accept = 1, Q = -0.060052
GPT :     782.184229 s : Trajectory 669: plaquette = 0.055833, dH = -1.4363e-01, accept = 1, Q = +0.101227
GPT :     783.322276 s : Trajectory 670: plaquette = 0.055123, dH = -2.9206e-02, accept = 1, Q = -0.126004
GPT :     784.453513 s : Trajectory 671: plaquette = 0.059200, dH = -1.7803e+00, accept = 1, Q = -0.117262
GPT :     785.610585 s : Trajectory 672: plaquette = 0.057791, dH = -9.5192e-01, accept = 1, Q = +0.022328
GPT :     786.764162 s : Trajectory 673: plaquette = 0.057791, dH = +1.5838e+00, accept = 0, Q = +0.022328
GPT :     787.903734 s : Trajectory 674: plaquette = 0.057791, dH = +1.8109e-01, accept = 0, Q = +0.022328
GPT :     789.049710 s : Trajectory 675: plaquette = 0.064701, dH = -2.0067e-01, accept = 1, Q = -0.140170
GPT :     790.201071 s : Trajectory 676: plaquette = 0.058640, dH = -7.5861e-01, accept = 1, Q = -0.087193
GPT :     791.336922 s : Trajectory 677: plaquette = 0.054902, dH = -9.7249e-02, accept = 1, Q = -0.030077
GPT :     792.478460 s : Trajectory 678: plaquette = 0.054902, dH = +1.3929e+00, accept = 0, Q = -0.030077
GPT :     793.628189 s : Trajectory 679: plaquette = 0.066887, dH = -1.4915e+00, accept = 1, Q = +0.104109
GPT :     794.778358 s : Trajectory 680: plaquette = 0.071865, dH = +8.6679e-02, accept = 1, Q = +0.047481
GPT :     795.950307 s : Trajectory 681: plaquette = 0.062233, dH = +4.6329e-01, accept = 1, Q = +0.156579
GPT :     797.103568 s : Trajectory 682: plaquette = 0.060039, dH = +7.8449e-01, accept = 1, Q = -0.029538
GPT :     798.256567 s : Trajectory 683: plaquette = 0.056828, dH = -6.1718e-01, accept = 1, Q = +0.154790
GPT :     799.407654 s : Trajectory 684: plaquette = 0.063586, dH = -6.3357e-01, accept = 1, Q = -0.047699
GPT :     800.556895 s : Trajectory 685: plaquette = 0.057688, dH = +2.4507e-01, accept = 1, Q = -0.026022
GPT :     801.732994 s : Trajectory 686: plaquette = 0.057688, dH = +1.4025e+00, accept = 0, Q = -0.026022
GPT :     802.969418 s : Trajectory 687: plaquette = 0.048775, dH = +1.3031e+00, accept = 1, Q = -0.092106
GPT :     804.139891 s : Trajectory 688: plaquette = 0.052840, dH = -2.1773e-01, accept = 1, Q = +0.106977
GPT :     805.316326 s : Trajectory 689: plaquette = 0.050789, dH = +3.6991e-01, accept = 1, Q = +0.009833
GPT :     806.495656 s : Trajectory 690: plaquette = 0.054211, dH = +6.2759e-01, accept = 1, Q = -0.037937
GPT :     807.667480 s : Trajectory 691: plaquette = 0.061445, dH = +2.0141e-01, accept = 1, Q = -0.232656
GPT :     808.828982 s : Trajectory 692: plaquette = 0.066086, dH = -1.4983e-01, accept = 1, Q = -0.066107
GPT :     809.991081 s : Trajectory 693: plaquette = 0.066866, dH = +2.1345e-01, accept = 1, Q = -0.015476
GPT :     811.160453 s : Trajectory 694: plaquette = 0.066866, dH = +3.8039e-01, accept = 0, Q = -0.015476
GPT :     812.310592 s : Trajectory 695: plaquette = 0.066866, dH = +1.1037e+00, accept = 0, Q = -0.015476
GPT :     813.469818 s : Trajectory 696: plaquette = 0.066866, dH = +6.7344e-01, accept = 0, Q = -0.015476
GPT :     814.626177 s : Trajectory 697: plaquette = 0.050345, dH = +3.6590e-01, accept = 1, Q = +0.061571
GPT :     815.798076 s : Trajectory 698: plaquette = 0.065118, dH = -1.6031e+00, accept = 1, Q = -0.187365
GPT :     816.935362 s : Trajectory 699: plaquette = 0.056789, dH = +6.3197e-01, accept = 1, Q = -0.146005
GPT :     818.084782 s : Trajectory 700: plaquette = 0.056834, dH = -7.7729e-01, accept = 1, Q = -0.057887
GPT :     819.237182 s : Trajectory 701: plaquette = 0.056424, dH = -7.5206e-02, accept = 1, Q = -0.132089
GPT :     820.404453 s : Trajectory 702: plaquette = 0.060482, dH = +1.0464e+00, accept = 1, Q = -0.002723
GPT :     821.566587 s : Trajectory 703: plaquette = 0.060278, dH = -1.1613e+00, accept = 1, Q = -0.159954
GPT :     822.741572 s : Trajectory 704: plaquette = 0.050070, dH = +4.3763e-01, accept = 1, Q = +0.000992
GPT :     823.919963 s : Trajectory 705: plaquette = 0.067246, dH = -4.8373e-01, accept = 1, Q = -0.095814
GPT :     825.067058 s : Trajectory 706: plaquette = 0.069452, dH = +2.0382e-01, accept = 1, Q = -0.009076
GPT :     826.221152 s : Trajectory 707: plaquette = 0.069452, dH = +7.1644e-01, accept = 0, Q = -0.009076
GPT :     827.376068 s : Trajectory 708: plaquette = 0.069452, dH = +2.7509e+00, accept = 0, Q = -0.009076
GPT :     828.537414 s : Trajectory 709: plaquette = 0.063826, dH = +2.9554e-01, accept = 1, Q = -0.134060
GPT :     829.706595 s : Trajectory 710: plaquette = 0.060024, dH = -1.2378e-01, accept = 1, Q = -0.088399
GPT :     830.877930 s : Trajectory 711: plaquette = 0.060024, dH = +2.4652e-01, accept = 0, Q = -0.088399
GPT :     832.055018 s : Trajectory 712: plaquette = 0.062581, dH = -2.9065e-01, accept = 1, Q = -0.015351
GPT :     833.193945 s : Trajectory 713: plaquette = 0.052623, dH = -1.9585e-01, accept = 1, Q = +0.007934
GPT :     834.372483 s : Trajectory 714: plaquette = 0.057275, dH = +1.8947e-01, accept = 1, Q = +0.010415
GPT :     835.535225 s : Trajectory 715: plaquette = 0.065641, dH = -3.7815e-01, accept = 1, Q = +0.032356
GPT :     836.696663 s : Trajectory 716: plaquette = 0.065641, dH = +3.2077e-01, accept = 0, Q = +0.032356
GPT :     837.864952 s : Trajectory 717: plaquette = 0.060810, dH = +1.0223e+00, accept = 1, Q = +0.106526
GPT :     839.035216 s : Trajectory 718: plaquette = 0.049430, dH = -5.1654e-01, accept = 1, Q = +0.135363
GPT :     840.202639 s : Trajectory 719: plaquette = 0.051960, dH = -6.7623e-02, accept = 1, Q = +0.076247
GPT :     841.358726 s : Trajectory 720: plaquette = 0.049287, dH = +1.0837e+00, accept = 1, Q = -0.026506
GPT :     842.535102 s : Trajectory 721: plaquette = 0.043241, dH = +8.1529e-02, accept = 1, Q = +0.073158
GPT :     843.694531 s : Trajectory 722: plaquette = 0.060162, dH = -6.0566e-01, accept = 1, Q = -0.100714
GPT :     844.852353 s : Trajectory 723: plaquette = 0.054717, dH = +1.9662e+00, accept = 1, Q = +0.085120
GPT :     846.009416 s : Trajectory 724: plaquette = 0.062248, dH = -2.1979e+00, accept = 1, Q = -0.105880
GPT :     847.178109 s : Trajectory 725: plaquette = 0.062904, dH = +4.8299e-01, accept = 1, Q = +0.154550
GPT :     848.354160 s : Trajectory 726: plaquette = 0.048617, dH = +6.3832e-01, accept = 1, Q = +0.011759
GPT :     849.508899 s : Trajectory 727: plaquette = 0.058426, dH = -6.4146e-01, accept = 1, Q = +0.078468
GPT :     850.686874 s : Trajectory 728: plaquette = 0.056109, dH = +5.6160e-01, accept = 1, Q = -0.069778
GPT :     851.837021 s : Trajectory 729: plaquette = 0.056109, dH = +7.1211e-01, accept = 0, Q = -0.069778
GPT :     852.998928 s : Trajectory 730: plaquette = 0.056109, dH = +3.1632e-01, accept = 0, Q = -0.069778
GPT :     854.149278 s : Trajectory 731: plaquette = 0.062489, dH = -9.3267e-02, accept = 1, Q = -0.003963
GPT :     855.307936 s : Trajectory 732: plaquette = 0.063792, dH = +1.1662e-01, accept = 1, Q = +0.037591
GPT :     856.477707 s : Trajectory 733: plaquette = 0.069324, dH = -8.4390e-01, accept = 1, Q = -0.081335
GPT :     857.639506 s : Trajectory 734: plaquette = 0.069324, dH = +1.6700e+00, accept = 0, Q = -0.081335
GPT :     858.798599 s : Trajectory 735: plaquette = 0.069324, dH = +1.3963e+00, accept = 0, Q = -0.081335
GPT :     859.964706 s : Trajectory 736: plaquette = 0.069324, dH = +1.6882e+00, accept = 0, Q = -0.081335
GPT :     861.127527 s : Trajectory 737: plaquette = 0.062028, dH = -4.5439e-01, accept = 1, Q = -0.012685
GPT :     862.334414 s : Trajectory 738: plaquette = 0.063722, dH = +3.1321e-01, accept = 1, Q = +0.022200
GPT :     863.548453 s : Trajectory 739: plaquette = 0.054057, dH = +5.6420e-01, accept = 1, Q = +0.113406
GPT :     864.710734 s : Trajectory 740: plaquette = 0.060572, dH = -6.4640e-01, accept = 1, Q = +0.052820
GPT :     865.860650 s : Trajectory 741: plaquette = 0.060572, dH = +9.6111e-01, accept = 0, Q = +0.052820
GPT :     867.020357 s : Trajectory 742: plaquette = 0.059753, dH = +1.1847e+00, accept = 1, Q = +0.031822
GPT :     868.184594 s : Trajectory 743: plaquette = 0.052997, dH = +5.3129e-01, accept = 1, Q = -0.193856
GPT :     869.337702 s : Trajectory 744: plaquette = 0.063442, dH = -1.0632e+00, accept = 1, Q = +0.037442
GPT :     870.496004 s : Trajectory 745: plaquette = 0.064007, dH = -1.3621e+00, accept = 1, Q = -0.058995
GPT :     871.651186 s : Trajectory 746: plaquette = 0.064007, dH = +1.5369e+00, accept = 0, Q = -0.058995
GPT :     872.809467 s : Trajectory 747: plaquette = 0.056431, dH = +5.4302e-01, accept = 1, Q = +0.043967
GPT :     873.970278 s : Trajectory 748: plaquette = 0.062372, dH = -3.0054e-01, accept = 1, Q = -0.147335
GPT :     875.130180 s : Trajectory 749: plaquette = 0.067579, dH = +8.5973e-01, accept = 1, Q = +0.115918
GPT :     876.288104 s : Trajectory 750: plaquette = 0.067579, dH = +1.9639e+00, accept = 0, Q = +0.115918
GPT :     877.461442 s : Trajectory 751: plaquette = 0.074593, dH = +8.4951e-01, accept = 1, Q = -0.031444
GPT :     878.640913 s : Trajectory 752: plaquette = 0.056550, dH = +3.0454e-01, accept = 1, Q = +0.137723
GPT :     879.809834 s : Trajectory 753: plaquette = 0.056550, dH = +8.9155e-01, accept = 0, Q = +0.137723
GPT :     880.964785 s : Trajectory 754: plaquette = 0.064244, dH = +2.4455e-01, accept = 1, Q = -0.021275
GPT :     882.109742 s : Trajectory 755: plaquette = 0.064244, dH = +3.0894e-01, accept = 0, Q = -0.021275
GPT :     883.265703 s : Trajectory 756: plaquette = 0.065327, dH = -7.6735e-01, accept = 1, Q = -0.005024
GPT :     884.425210 s : Trajectory 757: plaquette = 0.065327, dH = +9.4549e-01, accept = 0, Q = -0.005024
GPT :     885.579609 s : Trajectory 758: plaquette = 0.060825, dH = +7.4017e-01, accept = 1, Q = -0.131496
GPT :     886.746621 s : Trajectory 759: plaquette = 0.061271, dH = +9.9345e-01, accept = 1, Q = +0.270278
GPT :     887.909933 s : Trajectory 760: plaquette = 0.061271, dH = +9.7544e-01, accept = 0, Q = +0.270278
GPT :     889.059882 s : Trajectory 761: plaquette = 0.056279, dH = +8.3320e-01, accept = 1, Q = +0.067849
GPT :     890.223693 s : Trajectory 762: plaquette = 0.056279, dH = +5.0431e-01, accept = 0, Q = +0.067849
GPT :     891.389718 s : Trajectory 763: plaquette = 0.056279, dH = +1.7114e+00, accept = 0, Q = +0.067849
GPT :     892.561951 s : Trajectory 764: plaquette = 0.056279, dH = +1.3896e+00, accept = 0, Q = +0.067849
GPT :     893.759666 s : Trajectory 765: plaquette = 0.054247, dH = +1.7332e-01, accept = 1, Q = -0.028441
GPT :     894.920894 s : Trajectory 766: plaquette = 0.051390, dH = +1.5170e-01, accept = 1, Q = -0.144522
GPT :     896.090274 s : Trajectory 767: plaquette = 0.064678, dH = -2.8259e-01, accept = 1, Q = -0.008234
GPT :     897.262851 s : Trajectory 768: plaquette = 0.059217, dH = +8.3817e-01, accept = 1, Q = -0.089147
GPT :     898.431151 s : Trajectory 769: plaquette = 0.058564, dH = +1.2971e-01, accept = 1, Q = -0.038375
GPT :     899.604802 s : Trajectory 770: plaquette = 0.058564, dH = +1.1247e+00, accept = 0, Q = -0.038375
GPT :     900.781612 s : Trajectory 771: plaquette = 0.067985, dH = -1.0801e+00, accept = 1, Q = -0.019476
GPT :     901.941263 s : Trajectory 772: plaquette = 0.054880, dH = +1.5773e+00, accept = 1, Q = -0.069310
GPT :     903.100708 s : Trajectory 773: plaquette = 0.054880, dH = +3.8414e-01, accept = 0, Q = -0.069310
GPT :     904.271012 s : Trajectory 774: plaquette = 0.054880, dH = +9.6552e-01, accept = 0, Q = -0.069310
GPT :     905.422870 s : Trajectory 775: plaquette = 0.056277, dH = +2.7175e-01, accept = 1, Q = -0.105345
GPT :     906.566230 s : Trajectory 776: plaquette = 0.064790, dH = -4.6041e-01, accept = 1, Q = -0.294447
GPT :     907.719132 s : Trajectory 777: plaquette = 0.064790, dH = +2.0495e+00, accept = 0, Q = -0.294447
GPT :     908.879844 s : Trajectory 778: plaquette = 0.066346, dH = +4.7655e-01, accept = 1, Q = -0.091268
GPT :     910.046908 s : Trajectory 779: plaquette = 0.066346, dH = +1.3490e+00, accept = 0, Q = -0.091268
GPT :     911.194435 s : Trajectory 780: plaquette = 0.059488, dH = +1.0654e+00, accept = 1, Q = -0.008313
GPT :     912.347187 s : Trajectory 781: plaquette = 0.068250, dH = -5.6848e-01, accept = 1, Q = -0.231824
GPT :     913.488984 s : Trajectory 782: plaquette = 0.065632, dH = +4.6800e-01, accept = 1, Q = -0.076722
GPT :     914.648006 s : Trajectory 783: plaquette = 0.065632, dH = +8.2622e-01, accept = 0, Q = -0.076722
GPT :     915.807733 s : Trajectory 784: plaquette = 0.058294, dH = +3.5642e-01, accept = 1, Q = -0.015653
GPT :     916.956477 s : Trajectory 785: plaquette = 0.061522, dH = -9.8084e-01, accept = 1, Q = -0.112281
GPT :     918.104999 s : Trajectory 786: plaquette = 0.061522, dH = +1.3470e+00, accept = 0, Q = -0.112281
GPT :     919.261416 s : Trajectory 787: plaquette = 0.062669, dH = +4.5475e-01, accept = 1, Q = -0.163013
GPT :     920.455696 s : Trajectory 788: plaquette = 0.068647, dH = -1.4808e-01, accept = 1, Q = +0.077116
GPT :     921.623428 s : Trajectory 789: plaquette = 0.062767, dH = -2.2679e-01, accept = 1, Q = -0.017581
GPT :     922.835383 s : Trajectory 790: plaquette = 0.064585, dH = -6.0597e-01, accept = 1, Q = -0.132914
GPT :     924.016900 s : Trajectory 791: plaquette = 0.046559, dH = +1.6669e-01, accept = 1, Q = -0.037916
GPT :     925.190194 s : Trajectory 792: plaquette = 0.061929, dH = -8.5021e-01, accept = 1, Q = -0.018661
GPT :     926.359970 s : Trajectory 793: plaquette = 0.063344, dH = -5.8369e-02, accept = 1, Q = -0.051978
GPT :     927.510182 s : Trajectory 794: plaquette = 0.063344, dH = +1.5028e+00, accept = 0, Q = -0.051978
GPT :     928.668681 s : Trajectory 795: plaquette = 0.063344, dH = +1.8190e+00, accept = 0, Q = -0.051978
GPT :     929.815213 s : Trajectory 796: plaquette = 0.063344, dH = +1.0259e+00, accept = 0, Q = -0.051978
GPT :     930.971466 s : Trajectory 797: plaquette = 0.063344, dH = +4.4388e-01, accept = 0, Q = -0.051978
GPT :     932.067524 s : Trajectory 798: plaquette = 0.063344, dH = +9.4651e-01, accept = 0, Q = -0.051978
GPT :     933.107204 s : Trajectory 799: plaquette = 0.054367, dH = +1.8641e+00, accept = 1, Q = +0.103611
GPT :     934.169446 s : Trajectory 800: plaquette = 0.070016, dH = +4.0603e-01, accept = 1, Q = -0.045107
GPT :     935.380732 s : Trajectory 801: plaquette = 0.070016, dH = +3.9224e-01, accept = 0, Q = -0.045107
GPT :     936.594764 s : Trajectory 802: plaquette = 0.069906, dH = -4.0585e-01, accept = 1, Q = -0.142916
GPT :     937.804150 s : Trajectory 803: plaquette = 0.055376, dH = +9.3125e-01, accept = 1, Q = +0.200232
GPT :     939.011264 s : Trajectory 804: plaquette = 0.064078, dH = -2.6303e-01, accept = 1, Q = +0.077745
GPT :     940.215141 s : Trajectory 805: plaquette = 0.064752, dH = -2.8221e-01, accept = 1, Q = -0.185216
GPT :     941.404731 s : Trajectory 806: plaquette = 0.064752, dH = +8.3878e-01, accept = 0, Q = -0.185216
GPT :     942.669729 s : Trajectory 807: plaquette = 0.051275, dH = +1.2619e+00, accept = 1, Q = -0.040819
GPT :     943.908051 s : Trajectory 808: plaquette = 0.065521, dH = -1.9487e-01, accept = 1, Q = -0.028753
GPT :     945.084225 s : Trajectory 809: plaquette = 0.054599, dH = +2.6880e-01, accept = 1, Q = +0.106755
GPT :     946.219015 s : Trajectory 810: plaquette = 0.065140, dH = -4.4405e-01, accept = 1, Q = +0.040277
GPT :     947.363848 s : Trajectory 811: plaquette = 0.056402, dH = +6.8747e-01, accept = 1, Q = +0.113801
GPT :     948.513338 s : Trajectory 812: plaquette = 0.059560, dH = +1.6666e-01, accept = 1, Q = +0.038399
GPT :     949.656675 s : Trajectory 813: plaquette = 0.055015, dH = -1.0888e-01, accept = 1, Q = +0.170870
GPT :     950.805150 s : Trajectory 814: plaquette = 0.057713, dH = -9.0266e-02, accept = 1, Q = +0.109427
GPT :     951.966990 s : Trajectory 815: plaquette = 0.056382, dH = -9.4375e-01, accept = 1, Q = +0.089667
GPT :     953.151061 s : Trajectory 816: plaquette = 0.055318, dH = -2.9978e-02, accept = 1, Q = +0.093315
GPT :     954.291054 s : Trajectory 817: plaquette = 0.065314, dH = -1.5587e-01, accept = 1, Q = +0.027692
GPT :     955.456208 s : Trajectory 818: plaquette = 0.058834, dH = -1.5696e-01, accept = 1, Q = +0.115583
GPT :     956.612775 s : Trajectory 819: plaquette = 0.062678, dH = +1.5897e-01, accept = 1, Q = -0.090773
GPT :     957.790798 s : Trajectory 820: plaquette = 0.064182, dH = -1.0751e-01, accept = 1, Q = -0.053864
GPT :     958.954678 s : Trajectory 821: plaquette = 0.058926, dH = -5.8532e-01, accept = 1, Q = +0.115915
GPT :     960.113076 s : Trajectory 822: plaquette = 0.061694, dH = -5.0159e-01, accept = 1, Q = -0.173480
GPT :     961.272719 s : Trajectory 823: plaquette = 0.042529, dH = +2.7923e-01, accept = 1, Q = +0.138520
GPT :     962.428149 s : Trajectory 824: plaquette = 0.055243, dH = +8.7286e-01, accept = 1, Q = +0.025803
GPT :     963.592650 s : Trajectory 825: plaquette = 0.055243, dH = +6.0098e-01, accept = 0, Q = +0.025803
GPT :     964.740226 s : Trajectory 826: plaquette = 0.062356, dH = -5.8904e-01, accept = 1, Q = +0.138168
GPT :     965.893867 s : Trajectory 827: plaquette = 0.062356, dH = +9.6476e-01, accept = 0, Q = +0.138168
GPT :     967.043955 s : Trajectory 828: plaquette = 0.057428, dH = +1.8274e+00, accept = 1, Q = -0.087907
GPT :     968.187632 s : Trajectory 829: plaquette = 0.062499, dH = -3.5193e-01, accept = 1, Q = -0.095456
GPT :     969.334741 s : Trajectory 830: plaquette = 0.062499, dH = +2.1212e+00, accept = 0, Q = -0.095456
GPT :     970.477501 s : Trajectory 831: plaquette = 0.067571, dH = -1.0780e+00, accept = 1, Q = +0.110676
GPT :     971.612011 s : Trajectory 832: plaquette = 0.059102, dH = +4.6085e-01, accept = 1, Q = +0.132649
GPT :     972.759053 s : Trajectory 833: plaquette = 0.068158, dH = -6.0640e-01, accept = 1, Q = +0.049221
GPT :     973.910798 s : Trajectory 834: plaquette = 0.061795, dH = +1.1014e+00, accept = 1, Q = -0.115559
GPT :     975.074827 s : Trajectory 835: plaquette = 0.062255, dH = +5.8239e-01, accept = 1, Q = +0.033991
GPT :     976.237091 s : Trajectory 836: plaquette = 0.062255, dH = +3.3146e-01, accept = 0, Q = +0.033991
GPT :     977.381792 s : Trajectory 837: plaquette = 0.065880, dH = +8.8656e-01, accept = 1, Q = -0.026543
GPT :     978.538823 s : Trajectory 838: plaquette = 0.047525, dH = +4.6239e-01, accept = 1, Q = -0.078617
GPT :     979.683878 s : Trajectory 839: plaquette = 0.054953, dH = +1.1085e+00, accept = 1, Q = -0.130888
GPT :     980.856106 s : Trajectory 840: plaquette = 0.062980, dH = +3.5304e-01, accept = 1, Q = -0.039312
GPT :     982.052639 s : Trajectory 841: plaquette = 0.070517, dH = -5.6553e-01, accept = 1, Q = -0.141151
GPT :     983.199736 s : Trajectory 842: plaquette = 0.062102, dH = +8.1056e-01, accept = 1, Q = +0.003873
GPT :     984.358597 s : Trajectory 843: plaquette = 0.067590, dH = +4.5344e-02, accept = 1, Q = +0.167600
GPT :     985.504380 s : Trajectory 844: plaquette = 0.067590, dH = +8.5184e-01, accept = 0, Q = +0.167600
GPT :     986.666976 s : Trajectory 845: plaquette = 0.052413, dH = +5.3957e-01, accept = 1, Q = +0.027430
GPT :     987.835045 s : Trajectory 846: plaquette = 0.062219, dH = -3.8520e-01, accept = 1, Q = +0.007990
GPT :     988.992189 s : Trajectory 847: plaquette = 0.054730, dH = -9.4612e-01, accept = 1, Q = -0.054637
GPT :     990.147992 s : Trajectory 848: plaquette = 0.061312, dH = +4.7889e-01, accept = 1, Q = +0.208453
GPT :     991.306806 s : Trajectory 849: plaquette = 0.064440, dH = -8.3558e-01, accept = 1, Q = +0.029620
GPT :     992.456695 s : Trajectory 850: plaquette = 0.048710, dH = +7.7941e-01, accept = 1, Q = +0.066508
GPT :     993.618309 s : Trajectory 851: plaquette = 0.054493, dH = -4.0377e-01, accept = 1, Q = -0.170395
GPT :     994.772543 s : Trajectory 852: plaquette = 0.054493, dH = +9.1038e-01, accept = 0, Q = -0.170395
GPT :     995.931564 s : Trajectory 853: plaquette = 0.063955, dH = +1.7350e-01, accept = 1, Q = +0.183391
GPT :     997.109783 s : Trajectory 854: plaquette = 0.063955, dH = +1.0274e+00, accept = 0, Q = +0.183391
GPT :     998.272327 s : Trajectory 855: plaquette = 0.063955, dH = +8.2863e-01, accept = 0, Q = +0.183391
GPT :     999.448263 s : Trajectory 856: plaquette = 0.054618, dH = +9.8326e-01, accept = 1, Q = +0.007215
GPT :    1000.626642 s : Trajectory 857: plaquette = 0.063077, dH = -4.3754e-01, accept = 1, Q = +0.143745
GPT :    1001.794261 s : Trajectory 858: plaquette = 0.063286, dH = -1.7073e-02, accept = 1, Q = +0.000501
GPT :    1002.960055 s : Trajectory 859: plaquette = 0.063286, dH = +8.9610e-01, accept = 0, Q = +0.000501
GPT :    1004.123402 s : Trajectory 860: plaquette = 0.041621, dH = +1.1586e+00, accept = 1, Q = +0.058096
GPT :    1005.288470 s : Trajectory 861: plaquette = 0.041105, dH = +3.1632e-03, accept = 1, Q = +0.004909
GPT :    1006.460311 s : Trajectory 862: plaquette = 0.055236, dH = -7.1334e-01, accept = 1, Q = -0.037710
GPT :    1007.553633 s : Trajectory 863: plaquette = 0.058118, dH = +1.4553e+00, accept = 1, Q = +0.052481
GPT :    1008.568895 s : Trajectory 864: plaquette = 0.058118, dH = +6.7271e-01, accept = 0, Q = +0.052481
GPT :    1009.727451 s : Trajectory 865: plaquette = 0.058118, dH = +1.5603e+00, accept = 0, Q = +0.052481
GPT :    1010.896796 s : Trajectory 866: plaquette = 0.063261, dH = +2.2573e-01, accept = 1, Q = -0.207661
GPT :    1012.087861 s : Trajectory 867: plaquette = 0.047542, dH = +3.6039e-01, accept = 1, Q = +0.056197
GPT :    1013.253269 s : Trajectory 868: plaquette = 0.053762, dH = -4.5709e-01, accept = 1, Q = -0.044927
GPT :    1014.412300 s : Trajectory 869: plaquette = 0.055186, dH = -1.8316e-01, accept = 1, Q = +0.075331
GPT :    1015.563815 s : Trajectory 870: plaquette = 0.055358, dH = +1.0247e+00, accept = 1, Q = -0.026600
GPT :    1016.722350 s : Trajectory 871: plaquette = 0.055625, dH = -1.0512e+00, accept = 1, Q = +0.051724
GPT :    1017.880127 s : Trajectory 872: plaquette = 0.055625, dH = +6.8285e-01, accept = 0, Q = +0.051724
GPT :    1019.037188 s : Trajectory 873: plaquette = 0.067674, dH = -7.6642e-01, accept = 1, Q = -0.011904
GPT :    1020.205399 s : Trajectory 874: plaquette = 0.067674, dH = +9.1182e-01, accept = 0, Q = -0.011904
GPT :    1021.373595 s : Trajectory 875: plaquette = 0.063109, dH = -1.3199e-01, accept = 1, Q = +0.032495
GPT :    1022.546690 s : Trajectory 876: plaquette = 0.060230, dH = +3.5060e-01, accept = 1, Q = -0.154340
GPT :    1023.720185 s : Trajectory 877: plaquette = 0.060230, dH = +2.2746e+00, accept = 0, Q = -0.154340
GPT :    1024.873772 s : Trajectory 878: plaquette = 0.060230, dH = +8.7199e-01, accept = 0, Q = -0.154340
GPT :    1026.045049 s : Trajectory 879: plaquette = 0.060230, dH = +1.6515e+00, accept = 0, Q = -0.154340
GPT :    1027.217859 s : Trajectory 880: plaquette = 0.060230, dH = +4.9928e-01, accept = 0, Q = -0.154340
GPT :    1028.406784 s : Trajectory 881: plaquette = 0.060230, dH = +6.2604e-01, accept = 0, Q = -0.154340
GPT :    1029.581395 s : Trajectory 882: plaquette = 0.060230, dH = +1.0765e+00, accept = 0, Q = -0.154340
GPT :    1030.747341 s : Trajectory 883: plaquette = 0.060230, dH = +1.0692e+00, accept = 0, Q = -0.154340
GPT :    1031.893626 s : Trajectory 884: plaquette = 0.062193, dH = -3.1201e-01, accept = 1, Q = +0.046644
GPT :    1033.048464 s : Trajectory 885: plaquette = 0.062193, dH = +9.8740e-01, accept = 0, Q = +0.046644
GPT :    1034.202603 s : Trajectory 886: plaquette = 0.056964, dH = +6.6505e-01, accept = 1, Q = +0.063587
GPT :    1035.368977 s : Trajectory 887: plaquette = 0.051677, dH = -7.7662e-02, accept = 1, Q = -0.079727
GPT :    1036.526851 s : Trajectory 888: plaquette = 0.051677, dH = +1.4621e+00, accept = 0, Q = -0.079727
GPT :    1037.686345 s : Trajectory 889: plaquette = 0.052697, dH = +7.0017e-01, accept = 1, Q = +0.015420
GPT :    1038.852249 s : Trajectory 890: plaquette = 0.054977, dH = -7.2804e-01, accept = 1, Q = +0.182137
GPT :    1040.006464 s : Trajectory 891: plaquette = 0.056754, dH = +7.5221e-01, accept = 1, Q = +0.049212
GPT :    1041.179928 s : Trajectory 892: plaquette = 0.056754, dH = +4.7111e-01, accept = 0, Q = +0.049212
GPT :    1042.384537 s : Trajectory 893: plaquette = 0.053474, dH = +4.1385e-01, accept = 1, Q = -0.082423
GPT :    1043.559830 s : Trajectory 894: plaquette = 0.055717, dH = +1.3107e+00, accept = 1, Q = +0.093452
GPT :    1044.719887 s : Trajectory 895: plaquette = 0.061920, dH = -4.0475e-01, accept = 1, Q = +0.096124
GPT :    1045.890947 s : Trajectory 896: plaquette = 0.061920, dH = +8.1320e-01, accept = 0, Q = +0.096124
GPT :    1047.052176 s : Trajectory 897: plaquette = 0.059002, dH = +2.2655e-02, accept = 1, Q = +0.017530
GPT :    1048.216025 s : Trajectory 898: plaquette = 0.060787, dH = -4.4751e-01, accept = 1, Q = +0.036189
GPT :    1049.417248 s : Trajectory 899: plaquette = 0.056776, dH = +8.0539e-02, accept = 1, Q = -0.083577
GPT :    1050.709772 s : Trajectory 900: plaquette = 0.048792, dH = -3.7169e-01, accept = 1, Q = -0.056566
GPT :    1051.890672 s : Trajectory 901: plaquette = 0.048792, dH = +2.0402e+00, accept = 0, Q = -0.056566
GPT :    1053.122312 s : Trajectory 902: plaquette = 0.069933, dH = -3.1555e-01, accept = 1, Q = -0.045216
GPT :    1054.335560 s : Trajectory 903: plaquette = 0.073353, dH = +2.1830e-01, accept = 1, Q = -0.075837
GPT :    1055.543474 s : Trajectory 904: plaquette = 0.073353, dH = +1.4313e+00, accept = 0, Q = -0.075837
GPT :    1056.741801 s : Trajectory 905: plaquette = 0.065952, dH = +2.8134e-01, accept = 1, Q = -0.094820
GPT :    1057.950420 s : Trajectory 906: plaquette = 0.052273, dH = +1.3402e+00, accept = 1, Q = -0.047130
GPT :    1059.182464 s : Trajectory 907: plaquette = 0.052273, dH = +9.6981e-01, accept = 0, Q = -0.047130
GPT :    1060.482603 s : Trajectory 908: plaquette = 0.060056, dH = -5.5166e-01, accept = 1, Q = -0.052137
GPT :    1061.632365 s : Trajectory 909: plaquette = 0.060056, dH = +1.9972e-01, accept = 0, Q = -0.052137
GPT :    1062.654017 s : Trajectory 910: plaquette = 0.067741, dH = +1.6430e-01, accept = 1, Q = -0.066942
GPT :    1063.682578 s : Trajectory 911: plaquette = 0.067741, dH = +1.7079e+00, accept = 0, Q = -0.066942
GPT :    1064.861371 s : Trajectory 912: plaquette = 0.067741, dH = +6.6810e-01, accept = 0, Q = -0.066942
GPT :    1066.063779 s : Trajectory 913: plaquette = 0.044814, dH = +3.7993e-01, accept = 1, Q = +0.123874
GPT :    1067.260073 s : Trajectory 914: plaquette = 0.056295, dH = +2.1967e-01, accept = 1, Q = -0.004129
GPT :    1068.478330 s : Trajectory 915: plaquette = 0.057389, dH = -3.8590e-01, accept = 1, Q = +0.047812
GPT :    1069.693765 s : Trajectory 916: plaquette = 0.057389, dH = +1.0199e-01, accept = 0, Q = +0.047812
GPT :    1070.900858 s : Trajectory 917: plaquette = 0.053850, dH = +1.8497e-01, accept = 1, Q = -0.091179
GPT :    1072.173060 s : Trajectory 918: plaquette = 0.049724, dH = +1.6964e-01, accept = 1, Q = +0.029087
GPT :    1073.389243 s : Trajectory 919: plaquette = 0.057698, dH = -4.0755e-01, accept = 1, Q = +0.027280
GPT :    1074.635791 s : Trajectory 920: plaquette = 0.061227, dH = +9.0416e-01, accept = 1, Q = +0.117934
GPT :    1075.862272 s : Trajectory 921: plaquette = 0.058911, dH = -4.6870e-01, accept = 1, Q = -0.167694
GPT :    1077.087277 s : Trajectory 922: plaquette = 0.055074, dH = -5.7188e-02, accept = 1, Q = -0.070167
GPT :    1078.302723 s : Trajectory 923: plaquette = 0.055074, dH = +8.0821e-01, accept = 0, Q = -0.070167
GPT :    1079.512631 s : Trajectory 924: plaquette = 0.055074, dH = +6.5251e-01, accept = 0, Q = -0.070167
GPT :    1080.704924 s : Trajectory 925: plaquette = 0.055074, dH = +1.1601e+00, accept = 0, Q = -0.070167
GPT :    1081.905694 s : Trajectory 926: plaquette = 0.054955, dH = +6.7746e-01, accept = 1, Q = -0.121961
GPT :    1083.107056 s : Trajectory 927: plaquette = 0.055626, dH = +4.4973e-01, accept = 1, Q = +0.205379
GPT :    1084.311556 s : Trajectory 928: plaquette = 0.050757, dH = +4.0794e-01, accept = 1, Q = -0.072457
GPT :    1085.517601 s : Trajectory 929: plaquette = 0.059434, dH = -4.2266e-01, accept = 1, Q = -0.106961
GPT :    1086.744399 s : Trajectory 930: plaquette = 0.059434, dH = +1.5857e+00, accept = 0, Q = -0.106961
GPT :    1087.983483 s : Trajectory 931: plaquette = 0.055707, dH = -4.9107e-01, accept = 1, Q = +0.057419
GPT :    1089.312479 s : Trajectory 932: plaquette = 0.055707, dH = +9.3208e-01, accept = 0, Q = +0.057419
GPT :    1090.520342 s : Trajectory 933: plaquette = 0.061259, dH = -1.1062e+00, accept = 1, Q = -0.066224
GPT :    1091.701570 s : Trajectory 934: plaquette = 0.051760, dH = +9.8207e-01, accept = 1, Q = +0.095334
GPT :    1092.916882 s : Trajectory 935: plaquette = 0.051024, dH = +2.5899e-01, accept = 1, Q = +0.017845
GPT :    1094.124870 s : Trajectory 936: plaquette = 0.055724, dH = -3.3590e-01, accept = 1, Q = -0.061193
GPT :    1095.340260 s : Trajectory 937: plaquette = 0.055724, dH = +1.9381e+00, accept = 0, Q = -0.061193
GPT :    1096.550680 s : Trajectory 938: plaquette = 0.055724, dH = +8.2636e-01, accept = 0, Q = -0.061193
GPT :    1097.766137 s : Trajectory 939: plaquette = 0.059190, dH = -2.2280e-01, accept = 1, Q = -0.111584
GPT :    1098.999976 s : Trajectory 940: plaquette = 0.059474, dH = -6.5983e-01, accept = 1, Q = -0.021587
GPT :    1100.269374 s : Trajectory 941: plaquette = 0.075801, dH = -1.1937e+00, accept = 1, Q = -0.097198
GPT :    1101.541381 s : Trajectory 942: plaquette = 0.058910, dH = +4.1871e-01, accept = 1, Q = +0.071614
GPT :    1102.729293 s : Trajectory 943: plaquette = 0.056816, dH = +5.7498e-01, accept = 1, Q = -0.040254
GPT :    1103.872456 s : Trajectory 944: plaquette = 0.057083, dH = +7.5981e-01, accept = 1, Q = +0.003103
GPT :    1104.999279 s : Trajectory 945: plaquette = 0.057083, dH = +8.1406e-01, accept = 0, Q = +0.003103
GPT :    1106.116933 s : Trajectory 946: plaquette = 0.057083, dH = +7.3968e-01, accept = 0, Q = +0.003103
GPT :    1107.232566 s : Trajectory 947: plaquette = 0.057083, dH = +1.0063e+00, accept = 0, Q = +0.003103
GPT :    1108.357920 s : Trajectory 948: plaquette = 0.057083, dH = +2.9731e-01, accept = 0, Q = +0.003103
GPT :    1109.481036 s : Trajectory 949: plaquette = 0.057083, dH = +4.8432e-01, accept = 0, Q = +0.003103
GPT :    1110.602348 s : Trajectory 950: plaquette = 0.040717, dH = +9.4442e-01, accept = 1, Q = +0.180080
GPT :    1111.730847 s : Trajectory 951: plaquette = 0.053139, dH = +6.9082e-01, accept = 1, Q = -0.029295
GPT :    1112.854629 s : Trajectory 952: plaquette = 0.055204, dH = +8.5104e-01, accept = 1, Q = -0.020766
GPT :    1113.988893 s : Trajectory 953: plaquette = 0.054714, dH = +1.1667e+00, accept = 1, Q = +0.038256
GPT :    1115.133330 s : Trajectory 954: plaquette = 0.051232, dH = -5.1556e-01, accept = 1, Q = -0.089449
GPT :    1116.283989 s : Trajectory 955: plaquette = 0.043680, dH = -8.5378e-03, accept = 1, Q = +0.026537
GPT :    1117.435810 s : Trajectory 956: plaquette = 0.050399, dH = -8.6969e-01, accept = 1, Q = -0.047525
GPT :    1118.580281 s : Trajectory 957: plaquette = 0.057670, dH = +5.8847e-01, accept = 1, Q = +0.146278
GPT :    1119.730536 s : Trajectory 958: plaquette = 0.061711, dH = +2.5522e-01, accept = 1, Q = +0.034511
GPT :    1120.887142 s : Trajectory 959: plaquette = 0.058695, dH = -6.4760e-02, accept = 1, Q = -0.062708
GPT :    1122.032364 s : Trajectory 960: plaquette = 0.058695, dH = +5.3580e-01, accept = 0, Q = -0.062708
GPT :    1123.172976 s : Trajectory 961: plaquette = 0.058104, dH = -4.6820e-01, accept = 1, Q = -0.017700
GPT :    1124.319640 s : Trajectory 962: plaquette = 0.049910, dH = +2.1631e-01, accept = 1, Q = +0.047078
GPT :    1125.468282 s : Trajectory 963: plaquette = 0.053898, dH = -6.5599e-02, accept = 1, Q = -0.157745
GPT :    1126.604833 s : Trajectory 964: plaquette = 0.069844, dH = -1.4302e+00, accept = 1, Q = -0.091597
GPT :    1127.749067 s : Trajectory 965: plaquette = 0.069844, dH = +7.8765e-01, accept = 0, Q = -0.091597
GPT :    1128.897267 s : Trajectory 966: plaquette = 0.065396, dH = -4.1859e-01, accept = 1, Q = -0.085989
GPT :    1130.048337 s : Trajectory 967: plaquette = 0.059807, dH = +9.1074e-01, accept = 1, Q = +0.103835
GPT :    1131.191039 s : Trajectory 968: plaquette = 0.068880, dH = -1.3260e+00, accept = 1, Q = +0.155014
GPT :    1132.345798 s : Trajectory 969: plaquette = 0.068880, dH = +8.3625e-01, accept = 0, Q = +0.155014
GPT :    1133.486507 s : Trajectory 970: plaquette = 0.066727, dH = +7.7698e-01, accept = 1, Q = -0.037286
GPT :    1134.667739 s : Trajectory 971: plaquette = 0.069246, dH = -8.8051e-01, accept = 1, Q = +0.015670
GPT :    1135.840871 s : Trajectory 972: plaquette = 0.065195, dH = +3.9118e-01, accept = 1, Q = +0.011844
GPT :    1137.011399 s : Trajectory 973: plaquette = 0.065195, dH = +7.8113e-01, accept = 0, Q = +0.011844
GPT :    1138.167447 s : Trajectory 974: plaquette = 0.065195, dH = +1.6851e+00, accept = 0, Q = +0.011844
GPT :    1139.334516 s : Trajectory 975: plaquette = 0.065195, dH = +1.1622e+00, accept = 0, Q = +0.011844
GPT :    1140.498038 s : Trajectory 976: plaquette = 0.067612, dH = -8.4404e-01, accept = 1, Q = -0.079495
GPT :    1141.680784 s : Trajectory 977: plaquette = 0.067612, dH = +5.2146e-01, accept = 0, Q = -0.079495
GPT :    1142.853457 s : Trajectory 978: plaquette = 0.063188, dH = +5.2443e-01, accept = 1, Q = -0.027782
GPT :    1144.021405 s : Trajectory 979: plaquette = 0.055360, dH = +1.2391e+00, accept = 1, Q = -0.083331
GPT :    1145.186112 s : Trajectory 980: plaquette = 0.055307, dH = +4.2259e-01, accept = 1, Q = -0.142322
GPT :    1146.347861 s : Trajectory 981: plaquette = 0.047593, dH = +6.7902e-01, accept = 1, Q = -0.007844
GPT :    1147.499930 s : Trajectory 982: plaquette = 0.058837, dH = -2.2260e-01, accept = 1, Q = -0.091524
GPT :    1148.654369 s : Trajectory 983: plaquette = 0.061822, dH = +3.5752e-03, accept = 1, Q = +0.069444
GPT :    1149.809170 s : Trajectory 984: plaquette = 0.057302, dH = +3.3132e-01, accept = 1, Q = -0.150910
GPT :    1150.917122 s : Trajectory 985: plaquette = 0.071596, dH = -3.5450e-01, accept = 1, Q = -0.012336
GPT :    1151.951034 s : Trajectory 986: plaquette = 0.065008, dH = +3.2997e-01, accept = 1, Q = -0.042457
GPT :    1153.040305 s : Trajectory 987: plaquette = 0.065008, dH = +1.8562e+00, accept = 0, Q = -0.042457
GPT :    1154.253518 s : Trajectory 988: plaquette = 0.056223, dH = -1.2591e+00, accept = 1, Q = +0.076313
GPT :    1155.526160 s : Trajectory 989: plaquette = 0.046358, dH = +3.4611e-01, accept = 1, Q = -0.019445
GPT :    1156.743990 s : Trajectory 990: plaquette = 0.046358, dH = +5.5084e-01, accept = 0, Q = -0.019445
GPT :    1157.988855 s : Trajectory 991: plaquette = 0.062109, dH = -1.0242e+00, accept = 1, Q = +0.103650
GPT :    1159.233580 s : Trajectory 992: plaquette = 0.060115, dH = +6.3687e-01, accept = 1, Q = +0.021183
GPT :    1160.473074 s : Trajectory 993: plaquette = 0.060115, dH = +2.9868e-01, accept = 0, Q = +0.021183
GPT :    1161.823419 s : Trajectory 994: plaquette = 0.061943, dH = +2.5121e-01, accept = 1, Q = -0.032495
GPT :    1163.135244 s : Trajectory 995: plaquette = 0.061943, dH = +7.8417e-01, accept = 0, Q = -0.032495
GPT :    1164.286977 s : Trajectory 996: plaquette = 0.058812, dH = -1.3235e-02, accept = 1, Q = +0.124849
GPT :    1165.451843 s : Trajectory 997: plaquette = 0.058914, dH = -1.5046e-01, accept = 1, Q = -0.000295
GPT :    1166.598465 s : Trajectory 998: plaquette = 0.052514, dH = -6.0057e-01, accept = 1, Q = +0.070236
GPT :    1167.733486 s : Trajectory 999: plaquette = 0.068795, dH = +2.5787e-01, accept = 1, Q = +0.099640
GPT :    1167.733753 s : ======================================================================
GPT :    1167.733762 s : Trajectories        = 1000
GPT :    1167.733768 s : Wall-clock time     = 1156.7 s total, 1.16 s / trajectory
GPT :    1167.735246 s : Acceptance rate     = 0.73
GPT :    1167.735267 s : <|dH|>              = 6.6217e-01
GPT :    1167.735501 s : <plaquette>         = 0.059491 (naive err 0.000212)
GPT :    1167.735515 s : <1 - plaquette>     = 0.940509  (paper Table I convention)
=============================================
               Finalized GPT                 
=============================================
Grid : Message : 1167.519482 s : *******************************************
Grid : Message : 1167.519488 s : ******* Grid Finalize                ******
Grid : Message : 1167.519491 s : *******************************************
